	taxid	species	target_name	tlen	query name	accession	qlen	E-value	score1	bias1	#	of	c-Evalue	i-Evalue	score	bias	hmmfrom	hmmto	alifrom	alito	envfrom	envto	acc	description of target	chimera	superkingdom	kingdom	phylum	order	sci_name	color
0	158441.0	Folsomia candida	XP_035715441.1																		346.0	487.0		XP_035715441.1 mucin-2-like [Folsomia candida]	True	Eukaryota	Metazoa	Arthropoda	Entomobryomorpha	Folsomia candida	pink
303	390242.0	Pedobacter soli	WP_090768014.1	616.0	GCF_002217175.1;XP_035715441.1;HGT_(356,477)	-	108.0	0.00014	36.3	1.7	1.0	1.0	2.0999999999999998e-09	0.00022	35.7	0.3	3.0	107.0	468.0	573.0	466.0	574.0	0.84	M60 family metallopeptidase [Pedobacter soli]	False	Bacteria		Bacteroidota	Sphingobacteriales	Pedobacter soli	blue
392	1069985.0	Pedobacter kyungheensis	KIA96608.1	576.0	GCF_002217175.1;XP_035715441.1;HGT_(356,477)	-	108.0	0.00078	33.9	0.5	1.0	1.0	7.3e-09	0.00078	33.9	0.5	3.0	107.0	428.0	533.0	426.0	534.0	0.83	hypothetical protein OC25_02460 [Pedobacter kyungheensis]	False	Bacteria		Bacteroidota	Sphingobacteriales	KACC 16221	blue
616	2026720.0	Candidatus Saccharibacteria bacterium	MBQ3294568.1	591.0	GCF_002217175.1;XP_035715441.1;HGT_(356,477)	-	108.0	2.1e-17	77.5	8.7	4.0	5.0	3e-08	0.0032	31.9	0.1	7.0	68.0	497.0	554.0	491.0	555.0	0.92	RICIN domain-containing protein [Candidatus Saccharibacteria bacterium]	False	Bacteria		Candidatus Saccharibacteria		Candidatus Saccharibacteria bacterium	blue
211	142586.0	Eubacterium sp.	MBS5652834.1	633.0	GCF_002217175.1;XP_035715441.1;HGT_(356,477)	-	108.0	0.0008699999999999	33.7	0.3	1.0	1.0	6.900000000000002e-08	0.0074	30.8	0.1	7.0	105.0	493.0	588.0	487.0	591.0	0.87	family 16 glycosylhydrolase [Eubacterium sp.]	False	Bacteria		Bacillota	Eubacteriales	Eubacterium sp.	blue
951	2978477.0	Eubacterium sp. LFL-14	WP_260978757.1	652.0	GCF_002217175.1;XP_035715441.1;HGT_(356,477)	-	108.0	0.0019	32.6	0.6	1.0	1.0	8.800000000000003e-08	0.0094	30.4	0.2	7.0	105.0	512.0	607.0	507.0	610.0	0.87	family 16 glycosylhydrolase [Eubacterium sp. LFL-14]	False	Bacteria		Bacillota	Eubacteriales	Eubacterium sp. LFL-14	blue
673	2293106.0	Eubacterium sp. AF19-12LB	WP_118565414.1	653.0	GCF_002217175.1;XP_035715441.1;HGT_(356,477)	-	108.0	0.0019	32.6	0.6	1.0	1.0	8.9e-08	0.0095	30.4	0.2	7.0	105.0	513.0	608.0	508.0	611.0	0.87	family 16 glycosylhydrolase [Eubacterium sp. AF19-12LB]	False	Bacteria		Bacillota	Eubacteriales	Eubacterium sp. AF19-12LB	blue
672	2293105.0	Eubacterium sp. AF17-7	WP_117909524.1	658.0	GCF_002217175.1;XP_035715441.1;HGT_(356,477)	-	108.0	0.002	32.6	0.6	1.0	1.0	9e-08	0.0096	30.4	0.2	7.0	105.0	518.0	613.0	513.0	616.0	0.87	family 16 glycosylhydrolase [Eubacterium sp. AF17-7]	False	Bacteria		Bacillota	Eubacteriales	Eubacterium sp. AF17-7	blue
435	1262880.0	Eubacterium sp. CAG:156	CDA28479.1	647.0	GCF_002217175.1;XP_035715441.1;HGT_(356,477)	-	108.0	0.003	32.0	0.4	1.0	1.0	1.5e-07	0.016	29.6	0.1	7.0	105.0	507.0	602.0	502.0	606.0	0.88	glycosyl hydrolase family 16 [Eubacterium sp. CAG:156]	False	Bacteria		Bacillota	Eubacteriales	Eubacterium sp. CAG:156	blue
583	1898203.0	Lachnospiraceae bacterium	MBR1931398.1	533.0	GCF_002217175.1;XP_035715441.1;HGT_(356,477)	-	108.0	0.0012	33.3	3.3	1.0	2.0	2e-07	0.021	29.3	1.2	7.0	105.0	393.0	488.0	388.0	491.0	0.82	family 16 glycosylhydrolase [Lachnospiraceae bacterium]	False	Bacteria		Bacillota	Eubacteriales	Lachnospiraceae bacterium	blue
751	2624479.0	unclassified Eubacterium (in: firmicutes)	WP_118436253.1	650.0	GCF_002217175.1;XP_035715441.1;HGT_(356,477)	-	108.0	0.0064	30.9	0.8	1.0	1.0	4e-07	0.043	28.3	0.2	7.0	105.0	510.0	605.0	504.0	608.0	0.86	MULTISPECIES: family 16 glycosylhydrolase [unclassified Eubacterium (in: firmicutes)]	False	Bacteria		Bacillota	Eubacteriales	2624479	blue
585	1903720.0	Bacilli bacterium	MBQ3469167.1	846.0	GCF_002217175.1;XP_035715441.1;HGT_(356,477)	-	108.0	1.2e-06	43.0	31.2	3.0	3.0	1e-06	0.11	27.0	0.1	9.0	101.0	471.0	555.0	465.0	561.0	0.77	RICIN domain-containing protein [Bacilli bacterium]	False	Bacteria		Bacillota		Bacilli bacterium	blue
695	2498892.0	Maribacter algicola	WP_125223581.1	2112.0	GCF_002217175.1;XP_035715441.1;HGT_(356,477)	-	108.0	0.0027	32.1	0.0	1.0	1.0	1.6e-06	0.17	26.4	0.0	5.0	63.0	1145.0	1203.0	1142.0	1211.0	0.89	PKD domain-containing protein [Maribacter algicola]	False	Bacteria		Bacteroidota	Flavobacteriales	Maribacter algicola	blue
624	2044939.0	Clostridia bacterium	MBO5147918.1	247.0	GCF_002217175.1;XP_035715441.1;HGT_(356,477)	-	108.0	0.005	31.3	0.4	1.0	1.0	2.4e-06	0.25	25.8	0.3	7.0	65.0	138.0	191.0	134.0	195.0	0.85	RICIN domain-containing protein [Clostridia bacterium]	False	Bacteria		Bacillota		Clostridia bacterium	blue
769	2678564.0	Paenibacillus sp. SYP-B3998	WP_163953163.1	418.0	GCF_002217175.1;XP_035715441.1;HGT_(356,477)	-	108.0	2.1e-07	45.4	0.0	1.0	3.0	2.6e-06	0.27	25.7	0.0	2.0	49.0	275.0	322.0	274.0	328.0	0.94	family 16 glycosylhydrolase [Paenibacillus sp. SYP-B3998]	False	Bacteria		Bacillota	Bacillales	Paenibacillus sp. SYP-B3998	blue
93	41200.0	Bifidobacterium sp.	MCH4160345.1	761.0	GCF_002217175.1;XP_035715441.1;HGT_(356,477)	-	108.0	2e-05	39.0	5.5	1.0	2.0	3.5000000000000004e-06	0.38	25.3	0.0	6.0	103.0	366.0	459.0	363.0	463.0	0.85	RICIN domain-containing protein [Bifidobacterium sp.]	False	Bacteria		Actinomycetota	Bifidobacteriales	Bifidobacterium sp.	blue
490	1501230.0	Paenibacillus tyrfis	WP_152570612.1	420.0	GCF_002217175.1;XP_035715441.1;HGT_(356,477)	-	108.0	2.9e-06	41.7	0.0	1.0	3.0	5.2e-06	0.55	24.7	0.0	2.0	48.0	277.0	323.0	276.0	327.0	0.9	family 16 glycosylhydrolase [Paenibacillus tyrfis]	False	Bacteria		Bacillota	Bacillales	Paenibacillus tyrfis	blue
484	1473112.0	Paenibacillus guangzhouensis	WP_152393339.1	421.0	GCF_002217175.1;XP_035715441.1;HGT_(356,477)	-	108.0	5.7e-08	47.2	0.0	1.0	3.0	5.2e-06	0.56	24.7	0.0	2.0	57.0	278.0	330.0	277.0	332.0	0.9	family 16 glycosylhydrolase [Paenibacillus guangzhouensis]	False	Bacteria		Bacillota	Bacillales	CCTCC AB 2013236	blue
761	2660554.0	Paenibacillus sp. B01	QGG58809.1	399.0	GCF_002217175.1;XP_035715441.1;HGT_(356,477)	-	108.0	9.400000000000001e-08	46.5	0.0	1.0	3.0	5.5e-06	0.59	24.6	0.1	2.0	38.0	256.0	292.0	255.0	304.0	0.92	family 16 glycosylhydrolase [Paenibacillus sp. B01]	False	Bacteria		Bacillota	Bacillales	Paenibacillus sp. B01	blue
234	217090.0	Paenibacillus pasadenensis	WP_028597101.1	423.0	GCF_002217175.1;XP_035715441.1;HGT_(356,477)	-	108.0	1.2e-07	46.2	0.0	1.0	3.0	6e-06	0.64	24.5	0.1	2.0	38.0	280.0	316.0	279.0	328.0	0.92	family 16 glycosylhydrolase [Paenibacillus pasadenensis]	False	Bacteria		Bacillota	Bacillales	Paenibacillus pasadenensis	blue
99	44249.0	Paenibacillus	WP_228551574.1	423.0	GCF_002217175.1;XP_035715441.1;HGT_(356,477)	-	108.0	1.2e-07	46.2	0.0	1.0	3.0	6e-06	0.64	24.5	0.1	2.0	38.0	280.0	316.0	279.0	328.0	0.92	MULTISPECIES: family 16 glycosylhydrolase [Paenibacillus]	False	Bacteria		Bacillota	Bacillales	44249	blue
364	665792.0	Paenibacillus sp. D9	KKC49690.1	420.0	GCF_002217175.1;XP_035715441.1;HGT_(356,477)	-	108.0	2.2e-06	42.1	0.0	1.0	3.0	9.3e-06	0.99	23.9	0.0	1.0	38.0	276.0	313.0	276.0	322.0	0.94	hypothetical protein VE23_04395 [Paenibacillus sp. D9]	False	Bacteria		Bacillota	Bacillales	Paenibacillus sp. D9	blue
327	483908.0	Paenibacillus sp. P22	WP_021877959.1	426.0	GCF_002217175.1;XP_035715441.1;HGT_(356,477)	-	108.0	2.3e-06	42.0	0.0	1.0	3.0	9.4e-06	1.0	23.9	0.0	1.0	38.0	282.0	319.0	282.0	328.0	0.94	family 16 glycosylhydrolase [Paenibacillus sp. P22]	False	Bacteria		Bacillota	Bacillales	Paenibacillus sp. P22	blue
796	2726185.0	Paenibacillus albicereus	QJC54379.1	399.0	GCF_002217175.1;XP_035715441.1;HGT_(356,477)	-	108.0	5e-07	44.2	0.1	1.0	3.0	9.9e-06	1.1	23.8	0.1	2.0	38.0	256.0	292.0	255.0	304.0	0.92	family 16 glycosylhydrolase [Paenibacillus albicereus]	False	Bacteria		Bacillota	Bacillales	JCM34513	blue
812	2759022.0	Clostridium zeae	WP_206867894.1	335.0	GCF_002217175.1;XP_035715441.1;HGT_(356,477)	-	108.0	1.4e-09	52.4	3.8	2.0	3.0	1.1e-05	1.2	23.7	0.8	6.0	104.0	86.0	180.0	82.0	181.0	0.78	RICIN domain-containing protein [Clostridium zeae]	False	Bacteria		Bacillota	Eubacteriales	Clostridium sp. CSC2	blue
224	189691.0	Paenibacillus elgii	WP_251601370.1	420.0	GCF_002217175.1;XP_035715441.1;HGT_(356,477)	-	108.0	1.4e-05	39.5	0.0	1.0	2.0	1.2e-05	1.3	23.6	0.0	2.0	48.0	277.0	323.0	276.0	327.0	0.89	family 16 glycosylhydrolase [Paenibacillus elgii]	False	Bacteria		Bacillota	Bacillales	Paenibacillus elgii	blue
222	185978.0	unclassified Paenibacillus	WP_094248041.1	426.0	GCF_002217175.1;XP_035715441.1;HGT_(356,477)	-	108.0	2.6e-06	41.9	0.0	1.0	3.0	1.3e-05	1.4	23.4	0.0	1.0	38.0	282.0	319.0	282.0	328.0	0.93	MULTISPECIES: family 16 glycosylhydrolase [unclassified Paenibacillus]	False	Bacteria		Bacillota	Bacillales	185978	blue
502	1604897.0	Clostridium fungisolvens	WP_183277626.1	334.0	GCF_002217175.1;XP_035715441.1;HGT_(356,477)	-	108.0	2.4e-09	51.6	4.2	2.0	3.0	1.3e-05	1.4	23.4	1.0	6.0	105.0	86.0	181.0	81.0	183.0	0.74	RICIN domain-containing protein [Clostridium fungisolvens]	False	Bacteria		Bacillota	Eubacteriales	Clostridium fungisolvens	blue
33	1708.0	Cellulomonas fimi	WP_273652247.1	495.0	GCF_002217175.1;XP_035715441.1;HGT_(356,477)	-	108.0	0.0046	31.4	1.2	1.0	2.0	1.6e-05	1.7	23.2	0.3	2.0	70.0	352.0	416.0	351.0	447.0	0.88	endo-1,4-beta-xylanase [Cellulomonas fimi]	False	Bacteria		Actinomycetota	Micrococcales Prevot 1940 (Approved Lists 1980) emend. Nouioui et al. 2018	Cellulomonas fimi	blue
916	2894072.0	Erysipelotrichaceae bacterium OPF54	GJM57312.1	861.0	GCF_002217175.1;XP_035715441.1;HGT_(356,477)	-	108.0	6.1e-14	66.4	32.4	2.0	5.0	1.7e-05	1.8	23.1	0.5	7.0	77.0	139.0	201.0	136.0	229.0	0.77	hypothetical protein EROP_10050 [Erysipelotrichaceae bacterium OPF54]	False	Bacteria		Bacillota	Erysipelotrichales	Erysipelotrichaceae bacterium OPF54	blue
988	3027474.0	Clostridium sp. 'White wine YQ'	WP_274228409.1	285.0	GCF_002217175.1;XP_035715441.1;HGT_(356,477)	-	108.0	1.9e-05	39.1	1.8	1.0	2.0	2.5e-05	2.6	22.5	0.1	3.0	55.0	33.0	82.0	31.0	86.0	0.83	RICIN domain-containing protein [Clostridium sp. 'White wine YQ']	False	Bacteria		Bacillota	Eubacteriales	Clostridium sp. 'White wine YQ'	blue
843	2803863.0	Clostridium paridis	WP_202767057.1	299.0	GCF_002217175.1;XP_035715441.1;HGT_(356,477)	-	108.0	1.3999999999999998e-10	55.6	5.0	1.0	3.0	2.8000000000000003e-05	3.0	22.4	0.1	3.0	40.0	34.0	71.0	32.0	82.0	0.9	RICIN domain-containing protein [Clostridium paridis]	False	Bacteria		Bacillota	Eubacteriales	Clostridium paridis	blue
238	225345.0	Clostridium chromiireducens	RII33766.1	250.0	GCF_002217175.1;XP_035715441.1;HGT_(356,477)	-	108.0	4.099999999999999e-10	54.1	1.1	1.0	3.0	2.9e-05	3.1	22.3	0.0	3.0	41.0	105.0	143.0	103.0	155.0	0.86	hypothetical protein D2A34_17445 [Clostridium chromiireducens]	False	Bacteria		Bacillota	Eubacteriales	Clostridium chromiireducens	blue
102	45656.0	Desulfonema limicola	WP_207687385.1	340.0	GCF_002217175.1;XP_035715441.1;HGT_(356,477)	-	108.0	1.3e-11	58.9	6.7	3.0	4.0	3.3e-05	3.5	22.1	0.0	7.0	104.0	192.0	289.0	187.0	289.0	0.8	RICIN domain-containing protein [Desulfonema limicola]	False	Bacteria		Desulfobacterota	Desulfobacterales	Desulfonema limicola	blue
820	2764712.0	Lentihominibacter faecis	WP_249287298.1	1309.0	GCF_002217175.1;XP_035715441.1;HGT_(356,477)	-	108.0	5.5e-15	69.8	9.1	3.0	6.0	3.3e-05	3.5	22.2	0.3	7.0	102.0	611.0	701.0	606.0	706.0	0.74	RICIN domain-containing protein [Lentihominibacter faecis]	False	Bacteria		Bacillota	Eubacteriales	Lentihominibacter faecis	blue
357	604330.0	Parafannyhessea umbonata	WP_154539766.1	1318.0	GCF_002217175.1;XP_035715441.1;HGT_(356,477)	-	108.0	4.5e-09	50.7	2.7	2.0	4.0	3.3e-05	3.6	22.1	0.1	8.0	68.0	226.0	286.0	222.0	293.0	0.82	RICIN domain-containing protein [Parafannyhessea umbonata]	False	Bacteria		Actinomycetota	Coriobacteriales	Parafannyhessea umbonata	blue
861	2819978.0	Cellulomonas fengjieae	WP_208214843.1	197.0	GCF_002217175.1;XP_035715441.1;HGT_(356,477)	-	108.0	0.0078	30.7	0.9	1.0	2.0	3.4e-05	3.6	22.1	0.3	2.0	72.0	54.0	120.0	53.0	154.0	0.78	RICIN domain-containing protein, partial [Cellulomonas fengjieae]	False	Bacteria		Actinomycetota	Micrococcales Prevot 1940 (Approved Lists 1980) emend. Nouioui et al. 2018	Cellulomonas fengjieae	blue
600	1972561.0	Eggerthellaceae bacterium	MBQ9021355.1	831.0	GCF_002217175.1;XP_035715441.1;HGT_(356,477)	-	108.0	9.1e-06	40.1	26.3	3.0	3.0	3.7e-05	3.9	22.0	0.5	7.0	69.0	201.0	260.0	198.0	292.0	0.76	RICIN domain-containing protein [Eggerthellaceae bacterium]	False	Bacteria		Actinomycetota	Eggerthellales	Eggerthellaceae bacterium	blue
217	169679.0	Clostridium saccharobutylicum	WP_207651918.1	175.0	GCF_002217175.1;XP_035715441.1;HGT_(356,477)	-	108.0	2.3e-10	54.9	3.8	1.0	3.0	4.2e-05	4.5	21.8	0.0	3.0	38.0	32.0	67.0	30.0	77.0	0.92	RICIN domain-containing protein [Clostridium saccharobutylicum]	False	Bacteria		Bacillota	Eubacteriales	Clostridium saccharobutylicum	blue
409	1161942.0	Ruminococcus champanellensis	WP_276772478.1	915.0	GCF_002217175.1;XP_035715441.1;HGT_(356,477)	-	108.0	0.0001899999999999	35.8	0.1	1.0	2.0	4.7e-05	5.0	21.6	0.0	5.0	69.0	554.0	615.0	551.0	639.0	0.9	RICIN domain-containing protein [Ruminococcus champanellensis]	False	Bacteria		Bacillota	Eubacteriales	Ruminococcus champanellensis	blue
687	2485926.0	Atopobiaceae bacterium	MBQ6650590.1	442.0	GCF_002217175.1;XP_035715441.1;HGT_(356,477)	-	108.0	2.8e-07	45.0	0.0	2.0	3.0	5e-05	5.3	21.6	0.0	2.0	69.0	93.0	159.0	92.0	192.0	0.87	RICIN domain-containing protein [Atopobiaceae bacterium]	False	Bacteria		Actinomycetota	Coriobacteriales	Atopobiaceae bacterium	blue
991	3030016.0	Caproicibacterium sp. ZCY20-5	WP_275843948.1	205.0	GCF_002217175.1;XP_035715441.1;HGT_(356,477)	-	108.0	0.0067	30.9	0.0	2.0	2.0	5e-05	5.3	21.6	0.0	8.0	101.0	61.0	151.0	57.0	158.0	0.77	RICIN domain-containing protein [Caproicibacterium sp. ZCY20-5]	False	Bacteria		Bacillota	Eubacteriales	Caproicibacterium sp. ZCY20-5	blue
334	512399.0	Paenibacillus pectinilyticus	WP_065857016.1	1131.0	GCF_002217175.1;XP_035715441.1;HGT_(356,477)	-	108.0	9.500000000000001e-22	91.5	3.5	3.0	7.0	5.4000000000000005e-05	5.8	21.5	0.0	2.0	54.0	845.0	894.0	844.0	907.0	0.82	RICIN domain-containing protein [Paenibacillus pectinilyticus]	False	Bacteria		Bacillota	Bacillales	Paenibacillus pectinilyticus	blue
840	2800325.0	Clostridium yunnanense	WP_200266488.1	299.0	GCF_002217175.1;XP_035715441.1;HGT_(356,477)	-	108.0	3.7000000000000007e-10	54.2	1.1	1.0	3.0	6.8e-05	7.3	21.1	0.1	3.0	38.0	34.0	69.0	32.0	84.0	0.89	RICIN domain-containing protein [Clostridium yunnanense]	False	Bacteria		Bacillota	Eubacteriales	Clostridium yunnanense	blue
896	2859781.0	Clostridium weizhouense	WP_219777824.1	178.0	GCF_002217175.1;XP_035715441.1;HGT_(356,477)	-	108.0	2.5e-10	54.8	1.5	1.0	3.0	7.5e-05	8.0	21.0	0.0	2.0	38.0	34.0	70.0	33.0	81.0	0.89	RICIN domain-containing protein [Clostridium weizhouense]	False	Bacteria		Bacillota	Eubacteriales	Clostridium weizhouense	blue
21	1488.0	Clostridium acetobutylicum	WP_242975857.1	338.0	GCF_002217175.1;XP_035715441.1;HGT_(356,477)	-	108.0	7.2e-05	37.2	6.3	2.0	2.0	7.5e-05	8.0	21.0	0.3	3.0	103.0	199.0	293.0	197.0	298.0	0.73	RICIN domain-containing protein, partial [Clostridium acetobutylicum]	False	Bacteria		Bacillota	Eubacteriales	Clostridium acetobutylicum	blue
629	2053624.0	Synergistaceae bacterium	MBQ7594698.1	705.0	GCF_002217175.1;XP_035715441.1;HGT_(356,477)	-	108.0	0.00082	33.8	3.4	1.0	2.0	9.6e-05	10.0	20.6	0.0	5.0	67.0	33.0	91.0	31.0	115.0	0.9	RICIN domain-containing protein [Synergistaceae bacterium]	False	Bacteria		Synergistota	Synergistales	Synergistaceae bacterium	blue
456	1352601.0	Clostridium sp. LS	WP_008419374.1	297.0	GCF_002217175.1;XP_035715441.1;HGT_(356,477)	-	108.0	5.4e-09	50.5	0.8	1.0	3.0	0.00011	12.0	20.4	0.0	3.0	43.0	154.0	194.0	152.0	203.0	0.88	RICIN domain-containing protein [Clostridium sp. LS]	False	Bacteria		Bacillota	Eubacteriales	Clostridium sp. LS	blue
10	1265.0	Ruminococcus flavefaciens	MCM1506601.1	952.0	GCF_002217175.1;XP_035715441.1;HGT_(356,477)	-	108.0	0.0018	32.7	4.7	1.0	2.0	0.0001199999999999	13.0	20.3	0.1	4.0	72.0	588.0	652.0	585.0	699.0	0.82	RICIN domain-containing protein [Ruminococcus flavefaciens]	False	Bacteria		Bacillota	Eubacteriales	Ruminococcus flavefaciens	blue
339	551995.0	Mucilaginibacter gossypiicola	WP_143065085.1	613.0	GCF_002217175.1;XP_035715441.1;HGT_(356,477)	-	108.0	2.7e-05	38.6	4.9	1.0	3.0	0.0001199999999999	13.0	20.3	0.2	3.0	41.0	470.0	508.0	468.0	522.0	0.86	RICIN domain-containing protein [Mucilaginibacter gossypiicola]	False	Bacteria		Bacteroidota	Sphingobacteriales	Mucilaginibacter gossypiicola	blue
941	2954494.0	Pleionea sp. CnH1-48	MCO7227149.1	825.0	GCF_002217175.1;XP_035715441.1;HGT_(356,477)	-	108.0	6.500000000000001e-05	37.4	5.6	1.0	2.0	0.00013	14.0	20.2	0.2	8.0	79.0	586.0	656.0	579.0	681.0	0.8	RICIN domain-containing protein [Pleionea sp. CnH1-48]	False	Bacteria		Pseudomonadota	Oceanospirillales	Pleionea sp. CnH1-48	blue
587	1913988.0	Alphaproteobacteria bacterium	GHU07681.1	708.0	GCF_002217175.1;XP_035715441.1;HGT_(356,477)	-	108.0	1.5e-09	52.2	16.1	5.0	5.0	0.00015	16.0	20.0	0.6	8.0	73.0	618.0	677.0	613.0	706.0	0.78	hypothetical protein FACS189431_2640 [Alphaproteobacteria bacterium]	False	Bacteria		Pseudomonadota		Alphaproteobacteria bacterium	blue
312	410072.0	Coprococcus comes	WP_195368776.1	1551.0	GCF_002217175.1;XP_035715441.1;HGT_(356,477)	-	108.0	6.2e-14	66.4	39.8	3.0	9.0	0.00016	17.0	19.9	0.8	7.0	99.0	836.0	923.0	832.0	932.0	0.78	RICIN domain-containing protein [Coprococcus comes]	False	Bacteria		Bacillota	Eubacteriales	Coprococcus comes	blue
422	1211322.0	Deinococcus metallilatus	WP_206732999.1	408.0	GCF_002217175.1;XP_035715441.1;HGT_(356,477)	-	108.0	0.0009	33.7	0.1	2.0	2.0	0.0001699999999999	18.0	19.9	0.0	6.0	58.0	146.0	195.0	141.0	197.0	0.85	RICIN domain-containing protein [Deinococcus metallilatus]	False	Bacteria		Deinococcota	Deinococcales	Deinococcus metallilatus Kim et al. 2015	blue
408	1160091.0	Alloscardovia macacae	WP_094726026.1	841.0	GCF_002217175.1;XP_035715441.1;HGT_(356,477)	-	108.0	5.200000000000001e-10	53.8	2.7	1.0	4.0	0.0001699999999999	18.0	19.8	0.0	7.0	68.0	452.0	509.0	448.0	510.0	0.84	RICIN domain-containing protein [Alloscardovia macacae]	False	Bacteria		Actinomycetota	Bifidobacteriales	Alloscardovia macacae	blue
671	2292334.0	Collinsella sp. TF09-1AT	WP_158550228.1	943.0	GCF_002217175.1;XP_035715441.1;HGT_(356,477)	-	108.0	0.00047	34.6	0.8	2.0	2.0	0.0001699999999999	18.0	19.9	0.0	7.0	69.0	349.0	409.0	344.0	443.0	0.88	RICIN domain-containing protein [Collinsella sp. TF09-1AT]	False	Bacteria		Actinomycetota	Coriobacteriales	Collinsella sp. TF09-1AT	blue
483	1472761.0	Enorma massiliensis	WP_239460266.1	1038.0	GCF_002217175.1;XP_035715441.1;HGT_(356,477)	-	108.0	2.1e-12	61.5	7.7	6.0	6.0	0.00018	20.0	19.7	0.1	6.0	68.0	800.0	857.0	795.0	863.0	0.89	RICIN domain-containing protein [Enorma massiliensis]	False	Bacteria		Actinomycetota	Coriobacteriales	Enorma massiliensis	blue
908	2886038.0	Clostridium sp. D1-1	WP_261851984.1	335.0	GCF_002217175.1;XP_035715441.1;HGT_(356,477)	-	108.0	6.3e-09	50.3	3.5	1.0	3.0	0.0002	21.0	19.6	0.1	3.0	38.0	36.0	71.0	34.0	86.0	0.88	RICIN domain-containing protein [Clostridium sp. D1-1]	False	Bacteria		Bacillota	Eubacteriales	Clostridium folliculivorans	blue
744	2608683.0	Paenibacillus tepidiphilus	WP_150273851.1	366.0	GCF_002217175.1;XP_035715441.1;HGT_(356,477)	-	108.0	0.0007099999999999	34.0	4.1	2.0	2.0	0.0002	21.0	19.6	1.7	7.0	103.0	80.0	171.0	75.0	177.0	0.8	pectate lyase [Paenibacillus tepidiphilus]	False	Bacteria		Bacillota	Bacillales	Paenibacillus tepidiphilus	blue
65	28026.0	Bifidobacterium pseudocatenulatum	MZL95111.1	318.0	GCF_002217175.1;XP_035715441.1;HGT_(356,477)	-	108.0	1.2e-05	39.8	4.9	3.0	3.0	0.0001899999999999	21.0	19.7	0.5	8.0	68.0	230.0	286.0	222.0	299.0	0.86	1,4-beta-N-acetylmuramidase [Bifidobacterium pseudocatenulatum]	False	Bacteria		Actinomycetota	Bifidobacteriales	Bifidobacterium pseudocatenulatum	blue
295	359917.0	Paenibacillus sepulcri	MBW7452971.1	488.0	GCF_002217175.1;XP_035715441.1;HGT_(356,477)	-	108.0	3.2e-06	41.6	1.4	1.0	3.0	0.00022	24.0	19.5	0.0	1.0	50.0	32.0	78.0	32.0	85.0	0.87	RICIN domain-containing protein [Paenibacillus sepulcri]	False	Bacteria		Bacillota	Bacillales	Paenibacillus sepulcri	blue
720	2585773.0	Spirosoma utsteinense	WP_186742610.1	583.0	GCF_002217175.1;XP_035715441.1;HGT_(356,477)	-	108.0	2.3e-06	42.0	3.7	1.0	2.0	0.0002299999999999	25.0	19.4	0.3	2.0	100.0	113.0	207.0	112.0	215.0	0.74	RICIN domain-containing protein, partial [Spirosoma utsteinense]	False	Bacteria		Bacteroidota	Cytophagales	Spirosoma utsteinense	blue
162	73868.0	Piromyces sp. E2	OUM62702.1	790.0	GCF_002217175.1;XP_035715441.1;HGT_(356,477)	-	108.0	0.0004799999999999	34.6	6.0	2.0	2.0	0.00025	26.0	19.3	0.7	5.0	68.0	645.0	705.0	642.0	723.0	0.89	carbohydrate-binding module family 13 protein [Piromyces sp. E2]	False	Eukaryota	Fungi	Chytridiomycota	Neocallimastigales	Piromyces sp. E2	brown
753	2637548.0	unclassified Collinsella	WP_117816834.1	1174.0	GCF_002217175.1;XP_035715441.1;HGT_(356,477)	-	108.0	0.0032	31.9	2.8	2.0	2.0	0.00025	27.0	19.3	0.0	7.0	69.0	580.0	640.0	575.0	646.0	0.87	MULTISPECIES: RICIN domain-containing protein [unclassified Collinsella]	False	Bacteria		Actinomycetota	Coriobacteriales	2637548	blue
20	1485.0	Clostridium	WP_010964025.1	722.0	GCF_002217175.1;XP_035715441.1;HGT_(356,477)	-	108.0	0.00039	34.9	4.7	2.0	2.0	0.00027	28.0	19.2	0.4	3.0	103.0	583.0	677.0	581.0	683.0	0.73	MULTISPECIES: cellulase family glycosylhydrolase [Clostridium]	False	Bacteria		Bacillota	Eubacteriales	1485	blue
731	2606631.0	Pseudoramibacter porci	WP_154576001.1	826.0	GCF_002217175.1;XP_035715441.1;HGT_(356,477)	-	108.0	8.1e-07	43.5	8.9	1.0	4.0	0.00028	29.0	19.2	0.0	5.0	68.0	79.0	138.0	76.0	171.0	0.83	RICIN domain-containing protein [Pseudoramibacter porci]	False	Bacteria		Bacillota	Eubacteriales	Pseudoramibacter porci	blue
133	66852.0	Methanobrevibacter sp.	MBQ6351346.1	726.0	GCF_002217175.1;XP_035715441.1;HGT_(356,477)	-	108.0	3.1e-08	48.0	22.9	5.0	5.0	0.0003	32.0	19.1	0.5	8.0	93.0	636.0	716.0	631.0	726.0	0.73	RICIN domain-containing protein [Methanobrevibacter sp.]	False	Archaea		Euryarchaeota	Methanobacteriales	Methanobrevibacter sp.	
759	2654978.0	Paenibacillus phytohabitans	WP_171717210.1	346.0	GCF_002217175.1;XP_035715441.1;HGT_(356,477)	-	108.0	2.1e-17	77.5	0.0	4.0	5.0	0.00032	34.0	19.0	0.0	3.0	51.0	205.0	253.0	203.0	257.0	0.93	RICIN domain-containing protein [Paenibacillus phytohabitans]	False	Bacteria		Bacillota	Bacillales	CECT 30135	blue
883	2838667.0	Candidatus Mediterraneibacter excrementipullorum	HJC81554.1	1077.0	GCF_002217175.1;XP_035715441.1;HGT_(356,477)	-	108.0	7.1e-08	46.9	16.5	2.0	5.0	0.0003399999999999	36.0	18.9	0.3	6.0	99.0	724.0	813.0	721.0	818.0	0.74	RICIN domain-containing protein [Candidatus Mediterraneibacter excrementipullorum]	False	Bacteria		Bacillota	Eubacteriales	Candidatus Mediterraneibacter excrementipullorum	blue
836	2787714.0	Enterococcus sp. BWR-S5	WP_269092868.1	766.0	GCF_002217175.1;XP_035715441.1;HGT_(356,477)	-	108.0	3.6e-07	44.6	3.9	1.0	4.0	0.00036	38.0	18.8	0.0	4.0	68.0	135.0	195.0	133.0	227.0	0.89	RICIN domain-containing protein [Enterococcus sp. BWR-S5]	False	Bacteria		Bacillota	Lactobacillales	Enterococcus sp. BWR-S5	blue
101	44252.0	Paenibacillus macerans	WP_251595778.1	308.0	GCF_002217175.1;XP_035715441.1;HGT_(356,477)	-	108.0	1.5e-10	55.5	1.4	3.0	3.0	0.00035	38.0	18.8	0.0	7.0	38.0	135.0	166.0	128.0	184.0	0.88	RICIN domain-containing protein [Paenibacillus macerans]	False	Bacteria		Bacillota	Bacillales	Paenibacillus macerans	blue
117	53345.0	Enterococcus durans	MZJ03115.1	454.0	GCF_002217175.1;XP_035715441.1;HGT_(356,477)	-	108.0	1.3e-09	52.5	7.0	4.0	4.0	0.00037	39.0	18.8	0.4	8.0	68.0	366.0	422.0	358.0	426.0	0.85	1,4-beta-N-acetylmuramidase [Enterococcus durans]	False	Bacteria		Bacillota	Lactobacillales	Enterococcus durans	blue
574	1873425.0	Paenibacillus tritici	WP_211722562.1	274.0	GCF_002217175.1;XP_035715441.1;HGT_(356,477)	-	108.0	4.1e-15	70.2	0.0	4.0	5.0	0.0004	43.0	18.6	0.0	3.0	54.0	133.0	184.0	131.0	186.0	0.94	RICIN domain-containing protein [Paenibacillus tritici]	False	Bacteria		Bacillota	Bacillales	CECT 9125	blue
89	39487.0	Atopobium fossor	WP_051353782.1	1298.0	GCF_002217175.1;XP_035715441.1;HGT_(356,477)	-	108.0	1.4e-09	52.4	19.3	4.0	4.0	0.00041	44.0	18.6	0.2	7.0	103.0	782.0	875.0	780.0	877.0	0.74	RICIN domain-containing protein [Atopobium fossor]	False	Bacteria		Actinomycetota	Coriobacteriales	Atopobium fossor	blue
887	2840888.0	Candidatus Onthovicinus excrementipullorum	HIR52814.1	211.0	GCF_002217175.1;XP_035715441.1;HGT_(356,477)	-	108.0	0.0024	32.3	0.4	2.0	2.0	0.00045	48.0	18.5	0.1	5.0	99.0	53.0	143.0	50.0	149.0	0.78	RICIN domain-containing protein [Candidatus Onthovicinus excrementipullorum]	False	Bacteria		Bacillota	Eubacteriales	Candidatus Onthovicinus excrementipullorum	blue
332	502558.0	Eggerthella sp. YY7918	BAK44091.1	1142.0	GCF_002217175.1;XP_035715441.1;HGT_(356,477)	-	108.0	1.3e-05	39.6	11.9	2.0	2.0	0.00047	50.0	18.4	0.0	8.0	68.0	792.0	848.0	786.0	852.0	0.88	hypothetical protein EGYY_09020 [Eggerthella sp. YY7918]	False	Bacteria		Actinomycetota	Eggerthellales	Eggerthella sp. YY7918	blue
609	2014874.0	Dictyobacter arantiisoli	WP_149403804.1	553.0	GCF_002217175.1;XP_035715441.1;HGT_(356,477)	-	108.0	0.0018	32.7	1.1	1.0	2.0	0.0004799999999999	51.0	18.4	0.0	3.0	40.0	458.0	495.0	456.0	505.0	0.88	RICIN domain-containing protein [Dictyobacter arantiisoli]	False	Bacteria		Chloroflexota	Ktedonobacterales	BCRC 81116	blue
386	997761.0	Paenibacillus mucilaginosus K02	AFK65322.1	425.0	GCF_002217175.1;XP_035715441.1;HGT_(356,477)	-	108.0	0.00063	34.2	0.0	1.0	3.0	0.00047	51.0	18.4	0.0	3.0	37.0	283.0	317.0	281.0	329.0	0.9	1,3-(1,3;1,4)-beta-D-glucan 3(4)-glucanohydrolase [Paenibacillus mucilaginosus K02]	False	Bacteria		Bacillota	Bacillales	Paenibacillus mucilaginosus	blue
383	936574.0	Shuttleworthia sp. MSX8B	WP_044960535.1	1179.0	GCF_002217175.1;XP_035715441.1;HGT_(356,477)	-	108.0	1.3e-09	52.5	1.7	3.0	5.0	0.00049	52.0	18.4	0.1	7.0	69.0	558.0	616.0	554.0	643.0	0.87	RICIN domain-containing protein [Shuttleworthia sp. MSX8B]	False	Bacteria		Bacillota	Eubacteriales	Shuttleworthia sp. MSX8B	blue
129	61624.0	Paenibacillus mucilaginosus	WP_014371225.1	434.0	GCF_002217175.1;XP_035715441.1;HGT_(356,477)	-	108.0	0.00069	34.1	0.0	1.0	3.0	0.0005	53.0	18.4	0.0	3.0	37.0	292.0	326.0	290.0	337.0	0.9	RICIN domain-containing protein [Paenibacillus mucilaginosus]	False	Bacteria		Bacillota	Bacillales	Paenibacillus mucilaginosus	blue
797	2729538.0	Paenibacillus sp. PL91	WP_169086374.1	681.0	GCF_002217175.1;XP_035715441.1;HGT_(356,477)	-	108.0	0.0012	33.3	0.0	1.0	2.0	0.0005099999999999	55.0	18.3	0.0	3.0	97.0	537.0	628.0	535.0	629.0	0.76	RICIN domain-containing protein [Paenibacillus sp. PL91]	False	Bacteria		Bacillota	Bacillales	Paenibacillus sp. PL91	blue
627	2052159.0	Coriobacteriia bacterium	MCL2135965.1	936.0	GCF_002217175.1;XP_035715441.1;HGT_(356,477)	-	108.0	1.5e-09	52.3	0.5	4.0	4.0	0.00055	58.0	18.2	0.0	7.0	70.0	579.0	641.0	575.0	648.0	0.91	RICIN domain-containing protein [Coriobacteriia bacterium]	False	Bacteria		Actinomycetota		Coriobacteriia bacterium	blue
665	2268204.0	Thermoplasmatales archaeon	MCK5261241.1	594.0	GCF_002217175.1;XP_035715441.1;HGT_(356,477)	-	108.0	0.00041	34.8	0.2	1.0	2.0	0.00057	61.0	18.2	0.0	11.0	85.0	219.0	297.0	212.0	306.0	0.85	lamin tail domain-containing protein [Thermoplasmatales archaeon]	False	Archaea		Candidatus Thermoplasmatota	Thermoplasmatales	Thermoplasmatales archaeon	
43	1877.0	Micromonospora echinospora	WP_197701817.1	461.0	GCF_002217175.1;XP_035715441.1;HGT_(356,477)	-	108.0	0.0098	30.4	0.0	1.0	3.0	0.00058	62.0	18.1	0.0	2.0	68.0	317.0	379.0	316.0	383.0	0.86	endo-1,4-beta-xylanase [Micromonospora echinospora]	False	Bacteria		Actinomycetota	Micromonosporales	Micromonospora echinospora	blue
32	1707.0	Cellulomonas	WP_070320842.1	513.0	GCF_002217175.1;XP_035715441.1;HGT_(356,477)	-	108.0	0.0076	30.7	2.4	1.0	3.0	0.00058	62.0	18.1	0.0	5.0	68.0	51.0	110.0	47.0	112.0	0.85	MULTISPECIES: non-reducing end alpha-L-arabinofuranosidase family hydrolase [Cellulomonas]	False	Bacteria		Actinomycetota	Micrococcales Prevot 1940 (Approved Lists 1980) emend. Nouioui et al. 2018	1707	blue
913	2893403.0	Streptomyces sp. RKAG293	WP_250973968.1	291.0	GCF_002217175.1;XP_035715441.1;HGT_(356,477)	-	108.0	0.0043	31.5	0.6	1.0	3.0	0.0006	64.0	18.1	0.0	7.0	65.0	149.0	203.0	145.0	207.0	0.82	RICIN domain-containing protein [Streptomyces sp. RKAG293]	False	Bacteria		Actinomycetota	Kitasatosporales	Streptomyces sp. RKAG293	blue
669	2292328.0	Collinsella sp. OM07-12	WP_158553167.1	1157.0	GCF_002217175.1;XP_035715441.1;HGT_(356,477)	-	108.0	9.4e-05	36.9	0.2	2.0	2.0	0.00063	68.0	18.0	0.0	7.0	69.0	563.0	623.0	558.0	630.0	0.86	RICIN domain-containing protein [Collinsella sp. OM07-12]	False	Bacteria		Actinomycetota	Coriobacteriales	Collinsella sp. OM07-12	blue
320	446660.0	Adlercreutzia equolifaciens	WP_270357078.1	1253.0	GCF_002217175.1;XP_035715441.1;HGT_(356,477)	-	108.0	0.0001	36.7	17.2	4.0	6.0	0.00064	68.0	18.0	0.2	7.0	73.0	1011.0	1070.0	1007.0	1096.0	0.85	RICIN domain-containing protein [Adlercreutzia equolifaciens]	False	Bacteria		Actinomycetota	Eggerthellales	Adlercreutzia equolifaciens	blue
434	1262876.0	Eggerthella sp. CAG:298	CDD60436.1	764.0	GCF_002217175.1;XP_035715441.1;HGT_(356,477)	-	108.0	2.1e-05	38.9	17.6	3.0	4.0	0.00064	69.0	18.0	0.1	6.0	71.0	433.0	496.0	429.0	516.0	0.86	putative uncharacterized protein [Eggerthella sp. CAG:298]	False	Bacteria		Actinomycetota	Eggerthellales	Eggerthella sp. CAG:298	blue
31	1686.0	Bifidobacterium catenulatum	WP_278782184.1	585.0	GCF_002217175.1;XP_035715441.1;HGT_(356,477)	-	108.0	0.0031	32.0	8.1	1.0	3.0	0.00069	73.0	17.9	0.0	5.0	79.0	187.0	252.0	184.0	278.0	0.82	RICIN domain-containing protein, partial [Bifidobacterium catenulatum]	False	Bacteria		Actinomycetota	Bifidobacteriales	Bifidobacterium catenulatum	blue
709	2569488.0	Bifidobacteriaceae bacterium MCC01943	GDY94719.1	857.0	GCF_002217175.1;XP_035715441.1;HGT_(356,477)	-	108.0	4.9e-08	47.4	6.2	3.0	3.0	0.00078	84.0	17.7	0.6	8.0	68.0	769.0	825.0	762.0	849.0	0.87	1,4-beta-N-acetylmuramidase [Bifidobacteriaceae bacterium MCC01943]	False	Bacteria		Actinomycetota	Bifidobacteriales	Bifidobacteriaceae bacterium MCC01943	blue
27	1678.0	Bifidobacterium	WP_070122667.1	864.0	GCF_002217175.1;XP_035715441.1;HGT_(356,477)	-	108.0	6.5e-08	47.0	6.2	3.0	3.0	0.0008	85.0	17.7	0.6	8.0	68.0	776.0	832.0	769.0	856.0	0.87	MULTISPECIES: RICIN domain-containing protein [Bifidobacterium]	False	Bacteria		Actinomycetota	Bifidobacteriales	1678	blue
170	78346.0	Bifidobacterium ruminantium	WP_204442313.1	864.0	GCF_002217175.1;XP_035715441.1;HGT_(356,477)	-	108.0	4.2e-07	44.4	6.5	3.0	3.0	0.0008	85.0	17.7	0.6	8.0	68.0	776.0	832.0	769.0	856.0	0.87	RICIN domain-containing protein [Bifidobacterium ruminantium]	False	Bacteria		Actinomycetota	Bifidobacteriales	Bifidobacterium ruminantium	blue
439	1263032.0	Firmicutes bacterium CAG:822	CCY46294.1	842.0	GCF_002217175.1;XP_035715441.1;HGT_(356,477)	-	108.0	1.1e-06	43.1	27.7	5.0	6.0	0.00082	87.0	17.7	0.3	3.0	70.0	475.0	539.0	473.0	572.0	0.8	putative uncharacterized protein [Firmicutes bacterium CAG:822]	False	Bacteria		Bacillota		Firmicutes bacterium CAG:822	blue
507	1619071.0	Candidatus Saccharibacteria bacterium GW2011_GWC2_48_9	KKW01718.1	377.0	GCF_002217175.1;XP_035715441.1;HGT_(356,477)	-	108.0	0.0047	31.4	0.8	1.0	2.0	0.00082	88.0	17.6	0.1	7.0	50.0	149.0	192.0	144.0	246.0	0.74	Ricin-type beta-trefoil lectin domain protein, partial [Candidatus Saccharibacteria bacterium GW2011_GWC2_48_9]	False	Bacteria		Candidatus Saccharibacteria		Candidatus Saccharibacteria bacterium GW2011_GWC2_48_9	blue
580	1884377.0	Paenibacillus sp. OV219	WP_256217538.1	477.0	GCF_002217175.1;XP_035715441.1;HGT_(356,477)	-	108.0	9.6e-08	46.5	0.4	1.0	3.0	0.00082	88.0	17.6	0.1	3.0	40.0	334.0	371.0	332.0	387.0	0.86	RICIN domain-containing protein [Paenibacillus sp. OV219]	False	Bacteria		Bacillota	Bacillales	Paenibacillus sp. OV219	blue
16	1381.0	Atopobium minutum	KRN55136.1	1310.0	GCF_002217175.1;XP_035715441.1;HGT_(356,477)	-	108.0	2.9e-08	48.2	9.9	1.0	4.0	0.00083	89.0	17.6	0.0	3.0	104.0	192.0	290.0	190.0	292.0	0.82	hypothetical protein IV72_GL000637 [Atopobium minutum]	False	Bacteria		Actinomycetota	Coriobacteriales	Atopobium minutum	blue
15	1380.0	Atopobium	WP_002563507.1	1310.0	GCF_002217175.1;XP_035715441.1;HGT_(356,477)	-	108.0	2.9e-08	48.2	9.9	1.0	4.0	0.00083	89.0	17.6	0.0	3.0	104.0	192.0	290.0	190.0	292.0	0.82	MULTISPECIES: RICIN domain-containing protein [Atopobium]	False	Bacteria		Actinomycetota	Coriobacteriales	1380	blue
68	29322.0	[Eubacterium	WP_051527158.1	1425.0	GCF_002217175.1;XP_035715441.1;HGT_(356,477)	-	108.0	0.0025	32.3	0.8	2.0	2.0	0.00084	90.0	17.6	0.0	7.0	79.0	872.0	942.0	867.0	972.0	0.79	RICIN domain-containing protein [[Eubacterium] cellulosolvens]	False	Bacteria		Bacillota	Eubacteriales	[Eubacterium] cellulosolvens	blue
593	1929886.0	Eggerthella sp.	MBS5739500.1	970.0	GCF_002217175.1;XP_035715441.1;HGT_(356,477)	-	108.0	0.00058	34.3	23.2	3.0	4.0	0.0008699999999999	93.0	17.6	0.1	6.0	71.0	639.0	702.0	635.0	722.0	0.86	RICIN domain-containing protein [Eggerthella sp.]	False	Bacteria		Actinomycetota	Eggerthellales	Eggerthella sp.	blue
692	2498093.0	Muribaculaceae bacterium	MCM1474174.1	913.0	GCF_002217175.1;XP_035715441.1;HGT_(356,477)	-	108.0	0.00037	34.9	5.6	1.0	2.0	0.00089	95.0	17.5	0.0	5.0	70.0	523.0	585.0	520.0	614.0	0.89	RICIN domain-containing protein [Muribaculaceae bacterium]	False	Bacteria		Bacteroidota	Bacteroidales	Muribaculaceae bacterium	blue
419	1207542.0	Bifidobacterium bifidum LMG 13195	BBA48030.1	795.0	GCF_002217175.1;XP_035715441.1;HGT_(356,477)	-	108.0	0.009	30.5	7.8	1.0	3.0	0.0009	96.0	17.5	0.0	5.0	78.0	397.0	461.0	394.0	485.0	0.83	1,4-beta-N-acetylmuramidase [Bifidobacterium bifidum LMG 13195]	False	Bacteria		Actinomycetota	Bifidobacteriales	Bifidobacterium bifidum	blue
318	430522.0	Pedobacter steynii	WP_069380835.1	480.0	GCF_002217175.1;XP_035715441.1;HGT_(356,477)	-	108.0	0.0046	31.4	0.3	1.0	2.0	0.00093	99.0	17.5	0.0	3.0	68.0	334.0	396.0	332.0	399.0	0.88	RICIN domain-containing protein [Pedobacter steynii]	False	Bacteria		Bacteroidota	Sphingobacteriales	Pedobacter steynii	blue
921	2908839.0	Paenibacillus sp. YPD9-1	WP_235121460.1	422.0	GCF_002217175.1;XP_035715441.1;HGT_(356,477)	-	108.0	0.0024	32.4	0.0	2.0	2.0	0.0009599999999999	100.0	17.4	0.0	6.0	102.0	329.0	421.0	324.0	422.0	0.82	family 16 glycosylhydrolase [Paenibacillus sp. YPD9-1]	False	Bacteria		Bacillota	Bacillales	Paenibacillus sp. YPD9-1	blue
447	1288121.0	Alistipes senegalensis	MCM1314626.1	956.0	GCF_002217175.1;XP_035715441.1;HGT_(356,477)	-	108.0	0.00047	34.6	5.6	1.0	2.0	0.00095	100.0	17.4	0.0	5.0	70.0	566.0	628.0	563.0	657.0	0.89	RICIN domain-containing protein [Alistipes senegalensis]	False	Bacteria		Bacteroidota	Bacteroidales	Alistipes senegalensis	blue
644	2137879.0	Eggerthellales bacterium	PWL90443.1	1050.0	GCF_002217175.1;XP_035715441.1;HGT_(356,477)	-	108.0	0.0014	33.1	22.3	3.0	4.0	0.0009699999999999	100.0	17.4	0.1	6.0	71.0	719.0	782.0	715.0	802.0	0.86	hypothetical protein DBY11_02790 [Eggerthellales bacterium]	False	Bacteria		Actinomycetota	Eggerthellales	Eggerthellales bacterium	blue
11	1309.0	Streptococcus mutans	MCB5015801.1	374.0	GCF_002217175.1;XP_035715441.1;HGT_(356,477)	-	108.0	0.0031	32.0	8.5	2.0	2.0	0.001	110.0	17.3	0.4	7.0	70.0	231.0	291.0	227.0	323.0	0.82	RICIN domain-containing protein [Streptococcus mutans]	False	Bacteria		Bacillota	Lactobacillales	Streptococcus mutans	blue
708	2569486.0	Bifidobacteriaceae bacterium MCC01946	GDY92079.1	867.0	GCF_002217175.1;XP_035715441.1;HGT_(356,477)	-	108.0	0.0089	30.5	7.1	1.0	3.0	0.001	110.0	17.4	0.0	5.0	78.0	469.0	533.0	466.0	557.0	0.83	1,4-beta-N-acetylmuramidase [Bifidobacteriaceae bacterium MCC01946]	False	Bacteria		Actinomycetota	Bifidobacteriales	Bifidobacteriaceae bacterium MCC01946	blue
442	1280664.0	Butyrivibrio sp. VCD2006	WP_026528896.1	837.0	GCF_002217175.1;XP_035715441.1;HGT_(356,477)	-	108.0	4.7e-05	37.8	3.3	2.0	2.0	0.0011	120.0	17.2	0.0	6.0	68.0	461.0	523.0	456.0	546.0	0.85	RICIN domain-containing protein [Butyrivibrio sp. VCD2006]	False	Bacteria		Bacillota	Eubacteriales	Butyrivibrio sp. VCD2006	blue
807	2749826.0	Paenibacillus sp. S150	WP_219221670.1	346.0	GCF_002217175.1;XP_035715441.1;HGT_(356,477)	-	108.0	1.4e-12	62.0	0.2	1.0	5.0	0.0011	120.0	17.3	0.0	8.0	37.0	67.0	96.0	63.0	105.0	0.9	RICIN domain-containing protein [Paenibacillus sp. S150]	False	Bacteria		Bacillota	Bacillales	Paenibacillus sp. S150	blue
914	2893404.0	Streptomyces sp. RKAG337	WP_250992541.1	291.0	GCF_002217175.1;XP_035715441.1;HGT_(356,477)	-	108.0	0.0058	31.1	0.6	1.0	3.0	0.0011	120.0	17.3	0.0	7.0	65.0	149.0	203.0	146.0	206.0	0.81	RICIN domain-containing protein [Streptomyces sp. RKAG337]	False	Bacteria		Actinomycetota	Kitasatosporales	Streptomyces sp. RKAG337	blue
569	1870990.0	Paenibacillus bouchesdurhonensis	WP_110930479.1	347.0	GCF_002217175.1;XP_035715441.1;HGT_(356,477)	-	108.0	5.4000000000000005e-05	37.6	2.4	2.0	2.0	0.0011	120.0	17.2	0.7	6.0	52.0	60.0	103.0	56.0	157.0	0.72	pectate lyase [Paenibacillus bouchesdurhonensis]	False	Bacteria		Bacillota	Bacillales	Paenibacillus bouchesdurhonensis	blue
719	2584630.0	Collinsella sp. BIOML-A3	MZJ29172.1	797.0	GCF_002217175.1;XP_035715441.1;HGT_(356,477)	-	108.0	4.8e-09	50.7	1.7	1.0	3.0	0.0012	130.0	17.1	0.0	7.0	105.0	146.0	240.0	140.0	242.0	0.73	hypothetical protein [Collinsella sp. BIOML-A3]	False	Bacteria		Actinomycetota	Coriobacteriales	Collinsella sp. BIOML-A3	blue
788	2709399.0	Streptococcus sp. ZJ373	WP_165209611.1	620.0	GCF_002217175.1;XP_035715441.1;HGT_(356,477)	-	108.0	0.0074	30.8	5.2	2.0	2.0	0.0012	130.0	17.1	0.3	7.0	67.0	477.0	534.0	473.0	568.0	0.8	RICIN domain-containing protein [Streptococcus sp. ZJ373]	False	Bacteria		Bacillota	Lactobacillales	Streptococcus sp. ZJ373	blue
69	29375.0	Lacrimispora xylanolytica	WP_081752359.1	580.0	GCF_002217175.1;XP_035715441.1;HGT_(356,477)	-	108.0	0.0025	32.3	0.1	2.0	2.0	0.0012	130.0	17.1	0.0	5.0	35.0	487.0	517.0	484.0	540.0	0.84	RICIN domain-containing protein [Lacrimispora xylanolytica]	False	Bacteria		Bacillota	Eubacteriales	Lacrimispora xylanolytica	blue
73	33039.0	[Ruminococcus	URW89305.1	613.0	GCF_002217175.1;XP_035715441.1;HGT_(356,477)	-	108.0	0.00057	34.3	26.7	2.0	3.0	0.0012	130.0	17.1	0.2	7.0	100.0	275.0	363.0	271.0	367.0	0.76	RICIN domain-containing protein [[Ruminococcus] torques]	False	Bacteria		Bacillota	Eubacteriales	[Ruminococcus] torques	blue
171	78448.0	Bifidobacterium pullorum	WP_204465833.1	1054.0	GCF_002217175.1;XP_035715441.1;HGT_(356,477)	-	108.0	4.6e-08	47.5	7.0	3.0	3.0	0.0012	130.0	17.1	0.2	5.0	51.0	848.0	892.0	845.0	920.0	0.79	RICIN domain-containing protein [Bifidobacterium pullorum]	False	Bacteria		Actinomycetota	Bifidobacteriales	Bifidobacterium pullorum	blue
401	1144547.0	Actinoplanes hulinensis	WP_246636865.1	169.0	GCF_002217175.1;XP_035715441.1;HGT_(356,477)	-	108.0	0.0062	31.0	0.1	1.0	3.0	0.0013	140.0	17.0	0.0	3.0	65.0	27.0	85.0	25.0	89.0	0.81	RICIN domain-containing protein, partial [Actinoplanes hulinensis]	False	Bacteria		Actinomycetota	Micromonosporales	Actinoplanes hulinensis	blue
710	2569492.0	Bifidobacteriaceae bacterium MCC01992	GDZ03808.1	867.0	GCF_002217175.1;XP_035715441.1;HGT_(356,477)	-	108.0	0.0071	30.8	8.3	1.0	3.0	0.0013	140.0	17.0	0.0	6.0	78.0	470.0	533.0	467.0	559.0	0.82	1,4-beta-N-acetylmuramidase [Bifidobacteriaceae bacterium MCC01992]	False	Bacteria		Actinomycetota	Bifidobacteriales	Bifidobacteriaceae bacterium MCC01992	blue
718	2584629.0	Collinsella sp. BIOML-A2	MZJ26700.1	812.0	GCF_002217175.1;XP_035715441.1;HGT_(356,477)	-	108.0	5.7e-09	50.4	1.7	1.0	3.0	0.0013	140.0	17.0	0.0	7.0	105.0	161.0	255.0	155.0	257.0	0.73	hypothetical protein [Collinsella sp. BIOML-A2]	False	Bacteria		Actinomycetota	Coriobacteriales	Collinsella sp. BIOML-A2	blue
845	2806571.0	Flavobacterium sp. 1355	WP_209564209.1	717.0	GCF_002217175.1;XP_035715441.1;HGT_(356,477)	-	108.0	0.0046	31.4	0.1	2.0	2.0	0.0013	140.0	17.0	0.2	6.0	93.0	576.0	658.0	573.0	672.0	0.77	RICIN domain-containing protein [Flavobacterium sp. 1355]	False	Bacteria		Bacteroidota	Flavobacteriales	Flavobacterium sp. 1355	blue
544	1739413.0	Alloscardovia sp. HMSC034E08	OFQ97732.1	858.0	GCF_002217175.1;XP_035715441.1;HGT_(356,477)	-	108.0	4e-05	38.0	15.0	4.0	4.0	0.0014	150.0	16.9	0.4	8.0	70.0	767.0	824.0	761.0	858.0	0.79	hypothetical protein HMPREF2909_02660 [Alloscardovia sp. HMSC034E08]	False	Bacteria		Actinomycetota	Bifidobacteriales	Alloscardovia sp. HMSC034E08	blue
113	48073.0	Microbulbifer	WP_067080268.1	848.0	GCF_002217175.1;XP_035715441.1;HGT_(356,477)	-	108.0	0.00027	35.4	0.4	2.0	2.0	0.0015	160.0	16.8	0.0	6.0	102.0	225.0	318.0	221.0	323.0	0.75	MULTISPECIES: RICIN domain-containing protein [Microbulbifer]	False	Bacteria		Pseudomonadota	Cellvibrionales	48073	blue
936	2939570.0	Paenibacillus sp. MER 180	WP_251489832.1	372.0	GCF_002217175.1;XP_035715441.1;HGT_(356,477)	-	108.0	7.6e-06	40.4	0.1	1.0	3.0	0.0015	160.0	16.8	0.0	5.0	49.0	231.0	275.0	227.0	279.0	0.86	RICIN domain-containing protein [Paenibacillus sp. MER 180]	False	Bacteria		Bacillota	Bacillales	Paenibacillus sp. MER 180	blue
576	1881049.0	Mucilaginibacter sp. OK283	WP_143065533.1	612.0	GCF_002217175.1;XP_035715441.1;HGT_(356,477)	-	108.0	1.8e-05	39.2	2.9	1.0	3.0	0.0015	160.0	16.8	0.1	3.0	59.0	470.0	522.0	468.0	526.0	0.78	RICIN domain-containing protein [Mucilaginibacter sp. OK283]	False	Bacteria		Bacteroidota	Sphingobacteriales	Mucilaginibacter sp. OK283	blue
413	1174501.0	Paenibacillus typhae	MBY0014694.1	346.0	GCF_002217175.1;XP_035715441.1;HGT_(356,477)	-	108.0	1.7e-13	65.0	1.3	2.0	5.0	0.0016	170.0	16.7	0.0	7.0	62.0	113.0	164.0	109.0	165.0	0.85	RICIN domain-containing protein [Paenibacillus typhae]	False	Bacteria		Bacillota	Bacillales	CGMCC 1.11012	blue
362	658218.0	Microbulbifer marinus	WP_170833110.1	827.0	GCF_002217175.1;XP_035715441.1;HGT_(356,477)	-	108.0	7.5e-05	37.2	0.8	1.0	2.0	0.0016	170.0	16.7	0.0	7.0	102.0	205.0	297.0	201.0	299.0	0.74	RICIN domain-containing protein [Microbulbifer marinus]	False	Bacteria		Pseudomonadota	Cellvibrionales	Microbulbifer marinus	blue
85	36832.0	Lacrimispora aerotolerans	WP_084326451.1	580.0	GCF_002217175.1;XP_035715441.1;HGT_(356,477)	-	108.0	0.0011	33.4	0.1	2.0	2.0	0.0018	190.0	16.6	0.0	5.0	35.0	487.0	517.0	484.0	538.0	0.86	RICIN domain-containing protein [Lacrimispora aerotolerans]	False	Bacteria		Bacillota	Eubacteriales	ATCC 43524	blue
86	36839.0	Clostridium felsineum	WP_257675726.1	733.0	GCF_002217175.1;XP_035715441.1;HGT_(356,477)	-	108.0	0.0057	31.1	5.9	2.0	2.0	0.0018	190.0	16.6	0.4	3.0	72.0	590.0	655.0	588.0	689.0	0.72	cellulase family glycosylhydrolase [Clostridium felsineum]	False	Bacteria		Bacillota	Eubacteriales	Clostridium felsineum	blue
816	2762512.0	Rotaria sp. Silwood2	CAF2760990.1	360.0	GCF_002217175.1;XP_035715441.1;HGT_(356,477)	-	108.0	0.0003399999999999	35.1	3.6	2.0	2.0	0.0018	190.0	16.6	0.5	7.0	102.0	267.0	359.0	261.0	360.0	0.88	unnamed protein product [Rotaria sp. Silwood2]	False	Eukaryota	Metazoa	Rotifera		Rotaria sp. Silwood2	orange
251	253629.0	Bacillus sp. JAMB750	BAK39698.1	505.0	GCF_002217175.1;XP_035715441.1;HGT_(356,477)	-	108.0	0.0004799999999999	34.6	3.6	3.0	3.0	0.0018	190.0	16.6	0.1	4.0	67.0	123.0	183.0	120.0	188.0	0.77	pectate lyase [Bacillus sp. JAMB750]	False	Bacteria		Bacillota	Bacillales	Bacillus sp. JAMB750	blue
304	392030.0	Rotaria magnacalcarata	CAF4489787.1	156.0	GCF_002217175.1;XP_035715441.1;HGT_(356,477)	-	108.0	0.0012	33.3	0.5	1.0	2.0	0.0018	190.0	16.6	0.2	3.0	38.0	13.0	48.0	11.0	108.0	0.86	unnamed protein product [Rotaria magnacalcarata]	False	Eukaryota	Metazoa	Rotifera		Rotaria magnacalcarata	orange
8	1026.0	Marinoscillum furvescens	WP_115869356.1	727.0	GCF_002217175.1;XP_035715441.1;HGT_(356,477)	-	108.0	6.8e-08	47.0	3.1	3.0	4.0	0.0018	200.0	16.5	0.0	2.0	65.0	493.0	551.0	492.0	582.0	0.88	RICIN domain-containing protein [Marinoscillum furvescens]	False	Bacteria		Bacteroidota	Cytophagales	Marinoscillum furvescens	blue
668	2292210.0	Collinsella sp. AF05-9	RGW94736.1	1228.0	GCF_002217175.1;XP_035715441.1;HGT_(356,477)	-	108.0	3.2e-06	41.6	3.4	1.0	2.0	0.002	210.0	16.4	0.0	4.0	37.0	659.0	692.0	656.0	720.0	0.82	hypothetical protein DWV43_01945 [Collinsella sp. AF05-9]	False	Bacteria		Actinomycetota	Coriobacteriales	Collinsella sp. AF05-9	blue
493	1520807.0	Butyrivibrio sp. INlla16	WP_091870349.1	750.0	GCF_002217175.1;XP_035715441.1;HGT_(356,477)	-	108.0	0.0011	33.4	7.6	1.0	2.0	0.002	210.0	16.4	0.1	7.0	54.0	237.0	282.0	231.0	299.0	0.8	RICIN domain-containing protein [Butyrivibrio sp. INlla16]	False	Bacteria		Bacillota	Eubacteriales	Butyrivibrio sp. INlla16	blue
562	1852386.0	Thermophilibacter provencensis	WP_273446594.1	1026.0	GCF_002217175.1;XP_035715441.1;HGT_(356,477)	-	108.0	0.00058	34.3	9.3	1.0	3.0	0.0021	230.0	16.3	0.0	7.0	52.0	433.0	478.0	429.0	488.0	0.9	RICIN domain-containing protein [Thermophilibacter provencensis]	False	Bacteria		Actinomycetota	Coriobacteriales	Thermophilibacter provencensis	blue
676	2306973.0	Bifidobacterium callimiconis	WP_164520710.1	1158.0	GCF_002217175.1;XP_035715441.1;HGT_(356,477)	-	108.0	0.0016	32.9	4.6	1.0	2.0	0.0022	230.0	16.3	0.0	6.0	77.0	580.0	642.0	577.0	666.0	0.82	RICIN domain-containing protein [Bifidobacterium callimiconis]	False	Bacteria		Actinomycetota	Bifidobacteriales	Bifidobacterium callimiconis	blue
878	2835869.0	Paenibacillus sp. 481	WP_232275000.1	365.0	GCF_002217175.1;XP_035715441.1;HGT_(356,477)	-	108.0	1.6e-08	49.0	0.1	1.0	3.0	0.0022	240.0	16.2	0.0	4.0	49.0	223.0	268.0	221.0	272.0	0.95	lytic polysaccharide monooxygenase [Paenibacillus sp. 481]	False	Bacteria		Bacillota	Bacillales	Paenibacillus sp. 481	blue
381	887929.0	Pseudoramibacter alactolyticus ATCC 23263	EFV02270.1	788.0	GCF_002217175.1;XP_035715441.1;HGT_(356,477)	-	108.0	1.2e-05	39.7	9.9	1.0	3.0	0.0024	250.0	16.2	0.1	5.0	68.0	40.0	99.0	37.0	135.0	0.85	glycosyl hydrolase family 25 [Pseudoramibacter alactolyticus ATCC 23263]	False	Bacteria		Bacillota	Eubacteriales	Pseudoramibacter alactolyticus	blue
189	113287.0	Pseudoramibacter alactolyticus	WP_273270159.1	826.0	GCF_002217175.1;XP_035715441.1;HGT_(356,477)	-	108.0	6e-06	40.7	9.7	1.0	3.0	0.0024	260.0	16.1	0.1	5.0	68.0	78.0	137.0	75.0	173.0	0.84	RICIN domain-containing protein [Pseudoramibacter alactolyticus]	False	Bacteria		Bacillota	Eubacteriales	Pseudoramibacter alactolyticus	blue
550	1761780.0	Butyrivibrio sp. ob235	SEK39941.1	807.0	GCF_002217175.1;XP_035715441.1;HGT_(356,477)	-	108.0	0.00033	35.1	7.7	1.0	2.0	0.0026	270.0	16.1	0.1	7.0	51.0	294.0	336.0	291.0	354.0	0.8	Listeria/Bacterioides repeat-containing protein [Butyrivibrio sp. ob235]	False	Bacteria		Bacillota	Eubacteriales	Butyrivibrio sp. ob235	blue
815	2762511.0	Rotaria sp. Silwood1	CAF3394306.1	360.0	GCF_002217175.1;XP_035715441.1;HGT_(356,477)	-	108.0	6.7e-05	37.3	4.1	1.0	3.0	0.0029	310.0	15.9	0.2	3.0	40.0	216.0	253.0	214.0	266.0	0.86	unnamed protein product [Rotaria sp. Silwood1]	False	Eukaryota	Metazoa	Rotifera		Rotaria sp. Silwood1	orange
802	2740538.0	Ktedonobacteraceae bacterium	MBV9710276.1	603.0	GCF_002217175.1;XP_035715441.1;HGT_(356,477)	-	108.0	2.6e-06	41.9	3.9	2.0	4.0	0.003	320.0	15.8	0.1	4.0	68.0	406.0	465.0	403.0	498.0	0.76	RICIN domain-containing protein [Ktedonobacteraceae bacterium]	False	Bacteria		Chloroflexota	Ktedonobacterales	Ktedonobacteraceae bacterium	blue
590	1917697.0	Candidatus Saccharimonas sp.	RKV93934.1	671.0	GCF_002217175.1;XP_035715441.1;HGT_(356,477)	-	108.0	1.9e-12	61.6	10.8	2.0	5.0	0.003	320.0	15.8	0.2	6.0	48.0	387.0	429.0	383.0	433.0	0.89	MAG: hypothetical protein D8G53_12155 [Candidatus Saccharimonas sp.]	False	Bacteria		Candidatus Saccharibacteria	Candidatus Saccharimonadales	Candidatus Saccharimonas sp.	blue
298	373687.0	Paenibacillus sonchi	WP_202676327.1	346.0	GCF_002217175.1;XP_035715441.1;HGT_(356,477)	-	108.0	8.6e-14	65.9	0.3	1.0	5.0	0.003	320.0	15.8	0.1	8.0	36.0	67.0	95.0	63.0	113.0	0.88	RICIN domain-containing protein [Paenibacillus sonchi]	False	Bacteria		Bacillota	Bacillales	CCBAU 83901	blue
2	166.0	Treponema sp.	MCL2802228.1	769.0	GCF_002217175.1;XP_035715441.1;HGT_(356,477)	-	108.0	0.00014	36.3	9.3	3.0	3.0	0.0031	330.0	15.8	0.2	8.0	42.0	415.0	449.0	411.0	462.0	0.89	RICIN domain-containing protein [Treponema sp.]	False	Bacteria		Spirochaetaeota Oren et al. 2015	Spirochaetales	Treponema sp.	blue
37	1735.0	Holdemanella biformis	WP_118356755.1	1124.0	GCF_002217175.1;XP_035715441.1;HGT_(356,477)	-	108.0	4.7e-06	41.0	16.5	3.0	4.0	0.0031	330.0	15.8	0.3	8.0	77.0	684.0	745.0	677.0	778.0	0.71	RICIN domain-containing protein [Holdemanella biformis]	False	Bacteria		Bacillota	Erysipelotrichales	Holdemanella biformis	blue
367	683228.0	Micromonospora yangpuensis	WP_091435832.1	465.0	GCF_002217175.1;XP_035715441.1;HGT_(356,477)	-	108.0	0.0041	31.6	0.1	1.0	3.0	0.0031	330.0	15.8	0.0	7.0	68.0	51.0	108.0	46.0	109.0	0.83	RICIN domain-containing protein [Micromonospora yangpuensis]	False	Bacteria		Actinomycetota	Micromonosporales	CGMCC 4.5736	blue
260	274593.0	Paenibacillus phyllosphaerae	WP_183601523.1	416.0	GCF_002217175.1;XP_035715441.1;HGT_(356,477)	-	108.0	4.7e-05	37.8	0.0	1.0	3.0	0.0031	330.0	15.8	0.0	2.0	54.0	273.0	322.0	272.0	327.0	0.81	family 16 glycosylhydrolase [Paenibacillus phyllosphaerae]	False	Bacteria		Bacillota	Bacillales	Paenibacillus phyllosphaerae	blue
818	2763500.0	Sphingobacterium litopenaei	MBD1428348.1	146.0	GCF_002217175.1;XP_035715441.1;HGT_(356,477)	-	108.0	0.00044	34.7	0.6	1.0	3.0	0.0032	340.0	15.7	0.0	4.0	60.0	2.0	55.0	1.0	62.0	0.75	RICIN domain-containing protein [Sphingobacterium litopenaei]	False	Bacteria		Bacteroidota	Sphingobacteriales	Sphingobacterium litopenaei	blue
366	682956.0	Paenibacillus jilunlii	WP_062521370.1	346.0	GCF_002217175.1;XP_035715441.1;HGT_(356,477)	-	108.0	5.7e-13	63.3	0.0	1.0	5.0	0.0033	360.0	15.7	0.0	8.0	36.0	67.0	95.0	63.0	107.0	0.9	RICIN domain-containing protein [Paenibacillus jilunlii]	False	Bacteria		Bacillota	Bacillales	Paenibacillus jilunlii	blue
278	315405.0	Streptococcus gallolyticus	WP_256210132.1	454.0	GCF_002217175.1;XP_035715441.1;HGT_(356,477)	-	108.0	0.0016	32.9	14.0	3.0	4.0	0.0034	360.0	15.7	0.5	6.0	68.0	309.0	368.0	305.0	401.0	0.83	RICIN domain-containing protein [Streptococcus gallolyticus]	False	Bacteria		Bacillota	Lactobacillales	Streptococcus gallolyticus	blue
328	483937.0	Paenibacillus riograndensis	WP_060859269.1	346.0	GCF_002217175.1;XP_035715441.1;HGT_(356,477)	-	108.0	1.9e-14	68.1	0.0	1.0	5.0	0.0033	360.0	15.7	0.0	8.0	36.0	67.0	95.0	63.0	107.0	0.9	RICIN domain-containing protein [Paenibacillus riograndensis]	False	Bacteria		Bacillota	Bacillales	CCGB 1313	blue
634	2072642.0	Paenibacillus sp. PK3_47	WP_249899450.1	352.0	GCF_002217175.1;XP_035715441.1;HGT_(356,477)	-	108.0	6.5e-11	56.7	0.2	2.0	4.0	0.0035	370.0	15.6	0.0	8.0	99.0	118.0	205.0	112.0	207.0	0.7	RICIN domain-containing protein [Paenibacillus sp. PK3_47]	False	Bacteria		Bacillota	Bacillales	Paenibacillus sp. PK3_47	blue
443	1280670.0	Butyrivibrio sp. AD3002	WP_022760073.1	810.0	GCF_002217175.1;XP_035715441.1;HGT_(356,477)	-	108.0	0.00055	34.4	6.6	1.0	2.0	0.0037	390.0	15.6	0.1	7.0	41.0	297.0	331.0	294.0	350.0	0.85	RICIN domain-containing protein [Butyrivibrio sp. AD3002]	False	Bacteria		Bacillota	Eubacteriales	Butyrivibrio sp. AD3002	blue
23	1506.0	Clostridium sp.	MCM1227413.1	984.0	GCF_002217175.1;XP_035715441.1;HGT_(356,477)	-	108.0	0.0012	33.3	2.6	1.0	2.0	0.0037	390.0	15.6	0.0	5.0	70.0	564.0	626.0	561.0	652.0	0.86	RICIN domain-containing protein [Clostridium sp.]	False	Bacteria		Bacillota	Eubacteriales	Clostridium sp.	blue
827	2772299.0	Paenibacillus arenilitoris	WP_263364556.1	143.0	GCF_002217175.1;XP_035715441.1;HGT_(356,477)	-	108.0	7.299999999999999e-06	40.4	0.0	1.0	3.0	0.004	430.0	15.4	0.0	5.0	50.0	2.0	44.0	1.0	51.0	0.86	RICIN domain-containing protein [Paenibacillus arenilitoris]	False	Bacteria		Bacillota	Bacillales	Paenibacillus arenilitoris	blue
517	1670801.0	Paenibacillus silagei	WP_209877744.1	305.0	GCF_002217175.1;XP_035715441.1;HGT_(356,477)	-	108.0	3.4e-15	70.4	0.2	1.0	6.0	0.0041	430.0	15.4	0.0	8.0	37.0	23.0	52.0	19.0	61.0	0.9	RICIN domain-containing protein [Paenibacillus silagei]	False	Bacteria		Bacillota	Bacillales	Paenibacillus silagei	blue
469	1447944.0	Gymnopus androsaceus JB14	KAE9400009.1	616.0	GCF_002217175.1;XP_035715441.1;HGT_(356,477)	-	108.0	0.0075	30.7	0.0	3.0	3.0	0.0041	440.0	15.4	0.0	2.0	69.0	431.0	497.0	430.0	509.0	0.91	hypothetical protein BT96DRAFT_993465 [Gymnopus androsaceus JB14]	False	Eukaryota	Fungi	Basidiomycota	Agaricales	Gymnopus androsaceus	brown
560	1849249.0	Paenibacillus sp. KS1	WP_083189612.1	372.0	GCF_002217175.1;XP_035715441.1;HGT_(356,477)	-	108.0	2.6e-06	41.9	0.1	1.0	3.0	0.0044	470.0	15.3	0.0	5.0	49.0	231.0	275.0	227.0	279.0	0.86	RICIN domain-containing protein [Paenibacillus sp. KS1]	False	Bacteria		Bacillota	Bacillales	Paenibacillus sp. KS1	blue
599	1967502.0	Paenibacillus athensensis	MCD1257437.1	738.0	GCF_002217175.1;XP_035715441.1;HGT_(356,477)	-	108.0	0.00033	35.1	0.3	1.0	3.0	0.0045	490.0	15.3	0.0	3.0	59.0	33.0	85.0	31.0	87.0	0.82	RICIN domain-containing protein [Paenibacillus athensensis]	False	Bacteria		Bacillota	Bacillales	ATCC TSD-105	blue
570	1871019.0	Enorma phocaeensis	WP_102372359.1	775.0	GCF_002217175.1;XP_035715441.1;HGT_(356,477)	-	108.0	1.2e-12	62.2	4.4	3.0	6.0	0.0055	580.0	15.0	0.1	39.0	79.0	224.0	264.0	196.0	286.0	0.71	RICIN domain-containing protein [Enorma phocaeensis]	False	Bacteria		Actinomycetota	Coriobacteriales	Enorma phocaeensis	blue
216	160799.0	Paenibacillus borealis	WP_076114294.1	376.0	GCF_002217175.1;XP_035715441.1;HGT_(356,477)	-	108.0	2.500000000000001e-12	61.2	0.2	1.0	5.0	0.006	640.0	14.9	0.0	7.0	35.0	96.0	124.0	91.0	131.0	0.9	RICIN domain-containing protein [Paenibacillus borealis]	False	Bacteria		Bacillota	Bacillales	Paenibacillus borealis	blue
74	33042.0	Coprococcus	WP_173690261.1	1704.0	GCF_002217175.1;XP_035715441.1;HGT_(356,477)	-	108.0	1.2e-10	55.8	49.4	3.0	7.0	0.0065	690.0	14.8	0.0	7.0	67.0	836.0	892.0	832.0	896.0	0.86	MULTISPECIES: RICIN domain-containing protein [Coprococcus]	False	Bacteria		Bacillota	Eubacteriales	33042	blue
128	59840.0	Paenibacillus curdlanolyticus	WP_006036918.1	414.0	GCF_002217175.1;XP_035715441.1;HGT_(356,477)	-	108.0	1.8e-05	39.2	0.0	1.0	3.0	0.0065	690.0	14.8	0.0	2.0	54.0	271.0	320.0	270.0	325.0	0.8	RICIN domain-containing protein [Paenibacillus curdlanolyticus]	False	Bacteria		Bacillota	Bacillales	Paenibacillus curdlanolyticus	blue
468	1445510.0	Gynuella sunshinyii YC6258	AJQ92826.1	472.0	GCF_002217175.1;XP_035715441.1;HGT_(356,477)	-	108.0	0.002	32.6	0.4	2.0	2.0	0.0064	690.0	14.8	0.1	6.0	97.0	121.0	207.0	117.0	217.0	0.76	beta-xylosidase [Gynuella sunshinyii YC6258]	False	Bacteria		Pseudomonadota	Oceanospirillales	Gynuella sunshinyii	blue
767	2674991.0	Cohnella candidum	WP_206424319.1	533.0	GCF_002217175.1;XP_035715441.1;HGT_(356,477)	-	108.0	0.00043	34.7	0.0	1.0	2.0	0.0069	740.0	14.7	0.0	3.0	57.0	56.0	107.0	54.0	109.0	0.85	beta-1,3-glucanase family protein [Cohnella candidum]	False	Bacteria		Bacillota	Bacillales	Cohnella candidum	blue
472	1458845.0	Paenibacillus sp. E194	WP_231586891.1	372.0	GCF_002217175.1;XP_035715441.1;HGT_(356,477)	-	108.0	1.5e-05	39.4	0.1	1.0	3.0	0.0069999999999999	750.0	14.6	0.0	5.0	49.0	231.0	275.0	227.0	279.0	0.86	RICIN domain-containing protein [Paenibacillus sp. E194]	False	Bacteria		Bacillota	Bacillales	Paenibacillus sp. E194	blue
641	2133754.0	Paenibacillus sp. SDF0028	TQR41183.1	366.0	GCF_002217175.1;XP_035715441.1;HGT_(356,477)	-	108.0	3.5e-05	38.3	0.1	1.0	3.0	0.0071	760.0	14.6	0.0	5.0	49.0	225.0	269.0	221.0	272.0	0.85	hypothetical protein C7Y44_26215 [Paenibacillus sp. SDF0028]	False	Bacteria		Bacillota	Bacillales	Paenibacillus sp. SDF0028	blue
30	1683.0	Bifidobacterium angulatum	WP_145885841.1	826.0	GCF_002217175.1;XP_035715441.1;HGT_(356,477)	-	108.0	0.0005	34.5	6.3	3.0	3.0	0.0072	770.0	14.6	0.4	8.0	68.0	738.0	794.0	732.0	822.0	0.86	RICIN domain-containing protein [Bifidobacterium angulatum]	False	Bacteria		Actinomycetota	Bifidobacteriales	Bifidobacterium angulatum	blue
602	1984871.0	Bifidobacterium vansinderenii	WP_093961153.1	1184.0	GCF_002217175.1;XP_035715441.1;HGT_(356,477)	-	108.0	0.0015	32.9	2.5	1.0	2.0	0.0077	820.0	14.5	0.0	5.0	68.0	605.0	663.0	602.0	689.0	0.82	RICIN domain-containing protein [Bifidobacterium vansinderenii]	False	Bacteria		Actinomycetota	Bifidobacteriales	Bifidobacterium sp. Tam10B	blue
875	2834432.0	Bifidobacterium pongonis	WP_219056509.1	811.0	GCF_002217175.1;XP_035715441.1;HGT_(356,477)	-	108.0	0.00074	34.0	5.8	3.0	3.0	0.0077	820.0	14.5	0.3	8.0	68.0	738.0	794.0	731.0	801.0	0.86	RICIN domain-containing protein [Bifidobacterium pongonis]	False	Bacteria		Actinomycetota	Bifidobacteriales	Bifidobacterium pongonis Lugli et al. 2021	blue
12	1310.0	Streptococcus sobrinus	WP_019774772.1	330.0	GCF_002217175.1;XP_035715441.1;HGT_(356,477)	-	108.0	5.5e-05	37.6	3.8	3.0	3.0	0.008	860.0	14.5	0.1	3.0	58.0	184.0	241.0	182.0	259.0	0.76	RICIN domain-containing protein, partial [Streptococcus sobrinus]	False	Bacteria		Bacillota	Lactobacillales	Streptococcus sobrinus	blue
572	1871070.0	Oxalobacteraceae bacterium	NRR32832.1	440.0	GCF_002217175.1;XP_035715441.1;HGT_(356,477)	-	108.0	0.0031	32.0	0.0	2.0	2.0	0.0083	890.0	14.4	0.0	6.0	103.0	100.0	193.0	97.0	198.0	0.74	RICIN domain-containing protein [Oxalobacteraceae bacterium]	False	Bacteria		Pseudomonadota	Burkholderiales	Oxalobacteraceae bacterium	blue
438	1262958.0	Ruminococcus sp. CAG:403	CDE30561.1	941.0	GCF_002217175.1;XP_035715441.1;HGT_(356,477)	-	108.0	0.0019	32.6	1.7	1.0	2.0	0.0085	900.0	14.4	0.0	5.0	69.0	553.0	614.0	550.0	618.0	0.91	pectate lyase [Ruminococcus sp. CAG:403]	False	Bacteria		Bacillota	Eubacteriales	Ruminococcus sp. CAG:403	blue
358	630520.0	Paenibacillus prosopidis	WP_181873298.1	618.0	GCF_002217175.1;XP_035715441.1;HGT_(356,477)	-	108.0	0.00061	34.2	0.5	1.0	3.0	0.0086	910.0	14.4	0.0	2.0	36.0	475.0	509.0	474.0	513.0	0.93	family 43 glycosylhydrolase [Paenibacillus prosopidis]	False	Bacteria		Bacillota	Bacillales	Paenibacillus prosopidis	blue
503	1605994.0	Paenibacillus sp. NAIST15-1	WP_072728560.1	372.0	GCF_002217175.1;XP_035715441.1;HGT_(356,477)	-	108.0	3.9e-06	41.3	0.1	1.0	3.0	0.0092	980.0	14.3	0.0	5.0	38.0	231.0	264.0	227.0	277.0	0.88	RICIN domain-containing protein [Paenibacillus sp. NAIST15-1]	False	Bacteria		Bacillota	Bacillales	Paenibacillus sp. NAIST15-1	blue
300	375757.0	Streptomyces fildesensis	WP_269770788.1	162.0	GCF_002217175.1;XP_035715441.1;HGT_(356,477)	-	108.0	0.0029	32.1	1.0	1.0	3.0	0.0095	1000.0	14.2	0.1	7.0	54.0	23.0	67.0	19.0	78.0	0.81	RICIN domain-containing protein [Streptomyces fildesensis]	False	Bacteria		Actinomycetota	Kitasatosporales	Streptomyces fildesensis	blue
405	1155944.0	Marininema halotolerans	WP_091837725.1	1052.0	GCF_002217175.1;XP_035715441.1;HGT_(356,477)	-	108.0	1.2e-07	46.2	17.4	1.0	5.0	0.01	1100.0	14.1	0.1	7.0	68.0	47.0	104.0	43.0	136.0	0.78	RICIN domain-containing protein [Marininema halotolerans]	False	Bacteria		Bacillota	Bacillales	CCTCC AB 2012052	blue
430	1243663.0	Paenibacillus camerounensis	WP_042203078.1	346.0	GCF_002217175.1;XP_035715441.1;HGT_(356,477)	-	108.0	7.2e-11	56.5	1.5	1.0	5.0	0.011	1200.0	14.0	0.0	7.0	36.0	66.0	95.0	61.0	107.0	0.89	RICIN domain-containing protein [Paenibacillus camerounensis]	False	Bacteria		Bacillota	Bacillales	Paenibacillus camerounensis	blue
13	1317.0	Streptococcus downei	WP_003000153.1	622.0	GCF_002217175.1;XP_035715441.1;HGT_(356,477)	-	108.0	0.0006	34.3	7.1	3.0	4.0	0.011	1200.0	14.0	0.5	7.0	66.0	477.0	535.0	472.0	567.0	0.87	RICIN domain-containing protein [Streptococcus downei]	False	Bacteria		Bacillota	Lactobacillales	Streptococcus downei	blue
100	44251.0	Paenibacillus durus	WP_025694743.1	237.0	GCF_002217175.1;XP_035715441.1;HGT_(356,477)	-	108.0	1.6e-05	39.3	0.0	1.0	3.0	0.012	1200.0	13.9	0.0	8.0	36.0	67.0	95.0	63.0	102.0	0.91	RICIN domain-containing protein [Paenibacillus durus]	False	Bacteria		Bacillota	Bacillales	Paenibacillus durus	blue
926	2924031.0	Salipaludibacillus sp. LMS25	WP_255234368.1	504.0	GCF_002217175.1;XP_035715441.1;HGT_(356,477)	-	108.0	0.0078	30.7	0.0	2.0	2.0	0.012	1300.0	13.9	0.0	3.0	50.0	123.0	170.0	121.0	178.0	0.86	RICIN domain-containing protein [Salipaludibacillus sp. LMS25]	False	Bacteria		Bacillota	Bacillales	Salipaludibacillus sp. LMS25	blue
25	1528.0	Eubacterium barkeri	WP_090243319.1	760.0	GCF_002217175.1;XP_035715441.1;HGT_(356,477)	-	108.0	0.0028	32.1	11.1	1.0	4.0	0.0139999999999999	1500.0	13.7	0.0	3.0	36.0	270.0	304.0	268.0	309.0	0.91	RICIN domain-containing protein [Eubacterium barkeri]	False	Bacteria		Bacillota	Eubacteriales	Eubacterium barkeri	blue
173	81409.0	Eubacterium aggregans	WP_090308667.1	760.0	GCF_002217175.1;XP_035715441.1;HGT_(356,477)	-	108.0	0.0019	32.7	11.8	1.0	4.0	0.0139999999999999	1500.0	13.7	0.0	3.0	36.0	270.0	304.0	268.0	309.0	0.91	RICIN domain-containing protein [Eubacterium aggregans]	False	Bacteria		Bacillota	Eubacteriales	Eubacterium aggregans	blue
675	2303331.0	Solimonas sp. K1W22B-7	AXQ31136.1	895.0	GCF_002217175.1;XP_035715441.1;HGT_(356,477)	-	108.0	0.0083	30.6	0.1	1.0	2.0	0.016	1700.0	13.5	0.1	6.0	106.0	217.0	315.0	213.0	317.0	0.83	hypothetical protein D0B54_21725 [Solimonas sp. K1W22B-7]	False	Bacteria		Pseudomonadota	Nevskiales	Solimonas sp. K1W22B-7	blue
218	174707.0	uncultured Streptomyces sp.	AIA89386.1	157.0	GCF_002217175.1;XP_035715441.1;HGT_(356,477)	-	108.0	0.008	30.6	0.4	1.0	3.0	0.016	1700.0	13.5	0.0	7.0	63.0	5.0	57.0	1.0	58.0	0.74	ricin_B_lectin [uncultured Streptomyces sp.]	False	Bacteria		Actinomycetota	Kitasatosporales	uncultured Streptomyces sp.	blue
313	419015.0	Alloscardovia omnicolens	WP_049226888.1	885.0	GCF_002217175.1;XP_035715441.1;HGT_(356,477)	-	108.0	0.0076	30.7	5.3	1.0	2.0	0.016	1700.0	13.5	0.0	5.0	90.0	494.0	572.0	491.0	588.0	0.74	RICIN domain-containing protein [Alloscardovia omnicolens]	False	Bacteria		Actinomycetota	Bifidobacteriales	Alloscardovia omnicolens	blue
626	2052142.0	Acidobacteriaceae bacterium	MBV8896102.1	738.0	GCF_002217175.1;XP_035715441.1;HGT_(356,477)	-	108.0	1.6e-05	39.3	8.1	4.0	4.0	0.016	1700.0	13.5	0.1	7.0	99.0	598.0	686.0	593.0	693.0	0.78	RICIN domain-containing protein [Acidobacteriaceae bacterium]	False	Bacteria		Acidobacteriota	Terriglobales	Acidobacteriaceae bacterium	blue
749	2619133.0	unclassified Chitinophaga	WP_264731509.1	197.0	GCF_002217175.1;XP_035715441.1;HGT_(356,477)	-	108.0	0.0023	32.4	0.1	1.0	3.0	0.016	1700.0	13.5	0.0	3.0	37.0	52.0	86.0	50.0	96.0	0.93	MULTISPECIES: RICIN domain-containing protein [unclassified Chitinophaga]	False	Bacteria		Bacteroidota	Chitinophagales	2619133	blue
305	392032.0	Rotaria socialis	CAF4607031.1	320.0	GCF_002217175.1;XP_035715441.1;HGT_(356,477)	-	108.0	0.0012	33.3	0.1	3.0	3.0	0.017	1800.0	13.4	0.0	5.0	53.0	270.0	315.0	267.0	320.0	0.83	unnamed protein product [Rotaria socialis]	False	Eukaryota	Metazoa	Rotifera		Rotaria socialis	orange
206	127886.0	Alkalihalobacillus hemicellulosilyticus	WP_052015530.1	507.0	GCF_002217175.1;XP_035715441.1;HGT_(356,477)	-	108.0	0.0014	33.1	0.6	3.0	3.0	0.018	1900.0	13.4	0.0	4.0	49.0	124.0	166.0	121.0	174.0	0.82	RICIN domain-containing protein [Alkalihalobacillus hemicellulosilyticus]	False	Bacteria		Bacillota	Bacillales	Alkalihalobacillus hemicellulosilyticus	blue
501	1603886.0	Bifidobacterium lemurum	WP_072723779.1	1069.0	GCF_002217175.1;XP_035715441.1;HGT_(356,477)	-	108.0	0.0025	32.3	15.2	2.0	2.0	0.019	2000.0	13.3	1.1	9.0	100.0	819.0	907.0	812.0	913.0	0.79	RICIN domain-containing protein [Bifidobacterium lemurum]	False	Bacteria		Actinomycetota	Bifidobacteriales	Bifidobacterium lemurum Modesto et al. 2015	blue
306	392033.0	Rotaria sordida	CAF1140959.1	328.0	GCF_002217175.1;XP_035715441.1;HGT_(356,477)	-	108.0	0.0031	32.0	0.0	2.0	3.0	0.018	2000.0	13.3	0.0	7.0	53.0	62.0	105.0	57.0	111.0	0.83	unnamed protein product [Rotaria sordida]	False	Eukaryota	Metazoa	Rotifera		Rotaria sordida	orange
286	334253.0	Gracilibacillus orientalis	SFL35110.1	369.0	GCF_002217175.1;XP_035715441.1;HGT_(356,477)	-	108.0	0.0063	31.0	0.4	2.0	2.0	0.019	2000.0	13.3	0.3	8.0	105.0	81.0	174.0	74.0	176.0	0.65	Ricin-type beta-trefoil lectin domain-like [Gracilibacillus orientalis]	False	Bacteria		Bacillota	Bacillales	Gracilibacillus orientalis	blue
426	1227275.0	Streptococcus sobrinus W1703	ERJ74208.1	623.0	GCF_002217175.1;XP_035715441.1;HGT_(356,477)	-	108.0	0.00098	33.6	4.1	2.0	2.0	0.018	2000.0	13.3	0.1	3.0	60.0	477.0	536.0	475.0	569.0	0.78	ricin-type beta-trefoil lectin domain protein [Streptococcus sobrinus W1703]	False	Bacteria		Bacillota	Lactobacillales	Streptococcus sobrinus	blue
399	1123317.0	Streptococcus sobrinus DSM 20742 = ATCC 33478	EMP70712.1	623.0	GCF_002217175.1;XP_035715441.1;HGT_(356,477)	-	108.0	0.0012	33.2	4.4	2.0	2.0	0.018	2000.0	13.3	0.1	3.0	60.0	477.0	536.0	475.0	569.0	0.78	hypothetical protein D823_08917 [Streptococcus sobrinus DSM 20742 = ATCC 33478]	False	Bacteria		Bacillota	Lactobacillales	Streptococcus sobrinus	blue
637	2108467.0	Thermobacillus sp.	REK55343.1	418.0	GCF_002217175.1;XP_035715441.1;HGT_(356,477)	-	108.0	0.00041	34.8	0.0	1.0	3.0	0.019	2000.0	13.3	0.0	2.0	37.0	274.0	309.0	273.0	322.0	0.91	MAG: 1,3--beta-D-glucan 3-glucanohydrolase [Thermobacillus sp.]	False	Bacteria		Bacillota	Bacillales	Thermobacillus sp.	blue
301	377615.0	Thermobacillus composti	WP_041854213.1	417.0	GCF_002217175.1;XP_035715441.1;HGT_(356,477)	-	108.0	0.00031	35.2	0.0	1.0	3.0	0.019	2100.0	13.2	0.0	3.0	37.0	274.0	308.0	272.0	321.0	0.9	RICIN domain-containing protein [Thermobacillus composti]	False	Bacteria		Bacillota	Bacillales	Thermobacillus composti	blue
371	717605.0	Thermobacillus composti KWC4	AGA57343.1	418.0	GCF_002217175.1;XP_035715441.1;HGT_(356,477)	-	108.0	0.00032	35.2	0.0	1.0	3.0	0.019	2100.0	13.2	0.0	3.0	37.0	275.0	309.0	273.0	322.0	0.9	beta-glucanase/beta-glucan synthetase [Thermobacillus composti KWC4]	False	Bacteria		Bacillota	Bacillales	Thermobacillus composti	blue
164	76633.0	Thermobacillus xylanilyticus	WP_213485296.1	417.0	GCF_002217175.1;XP_035715441.1;HGT_(356,477)	-	108.0	0.00031	35.2	0.0	1.0	3.0	0.019	2100.0	13.2	0.0	3.0	37.0	274.0	308.0	272.0	321.0	0.9	RICIN domain-containing protein [Thermobacillus xylanilyticus]	False	Bacteria		Bacillota	Bacillales	Thermobacillus xylanilyticus	blue
604	2003592.0	Paenibacillaceae bacterium	REJ17019.1	418.0	GCF_002217175.1;XP_035715441.1;HGT_(356,477)	-	108.0	0.00078	33.9	0.0	1.0	3.0	0.019	2100.0	13.2	0.0	3.0	37.0	275.0	309.0	273.0	322.0	0.9	1,3--beta-D-glucan 3-glucanohydrolase [Paenibacillaceae bacterium]	False	Bacteria		Bacillota	Bacillales	Paenibacillaceae bacterium	blue
75	33562.0	Dromiciops gliroides	XP_043842545.1	615.0	GCF_002217175.1;XP_035715441.1;HGT_(356,477)	-	108.0	0.0029	32.1	2.5	2.0	2.0	0.019	2100.0	13.2	0.0	17.0	62.0	565.0	608.0	560.0	614.0	0.79	zinc finger protein 883-like isoform X4 [Dromiciops gliroides]	False	Eukaryota	Metazoa	Chordata	Microbiotheria	Dromiciops gliroides	orange
250	249248.0	Adineta ricciae	CAF1510752.1	552.0	GCF_002217175.1;XP_035715441.1;HGT_(356,477)	-	108.0	1.5e-12	61.9	3.5	1.0	6.0	0.021	2200.0	13.1	0.0	3.0	38.0	257.0	292.0	255.0	300.0	0.91	unnamed protein product [Adineta ricciae]	False	Eukaryota	Metazoa	Rotifera	Adinetida	Adineta ricciae	orange
614	2021690.0	Bacillus sp. 7586-K	PAD69830.1	349.0	GCF_002217175.1;XP_035715441.1;HGT_(356,477)	-	108.0	0.00026	35.4	3.3	3.0	3.0	0.021	2200.0	13.1	0.1	9.0	39.0	109.0	139.0	104.0	156.0	0.82	pectate lyase [Bacillus sp. 7586-K]	False	Bacteria		Bacillota	Bacillales	Bacillus sp. 7586-K	blue
884	2838669.0	Candidatus Mediterraneibacter faecigallinarum	HJC38273.1	1557.0	GCF_002217175.1;XP_035715441.1;HGT_(356,477)	-	108.0	2e-12	61.5	22.0	2.0	6.0	0.022	2300.0	13.1	0.2	6.0	100.0	702.0	791.0	698.0	795.0	0.73	RICIN domain-containing protein [Candidatus Mediterraneibacter faecigallinarum]	False	Bacteria		Bacillota	Eubacteriales	Candidatus Mediterraneibacter faecigallinarum	blue
455	1349434.0	Paenibacillus sp. P32E	OKP89740.1	241.0	GCF_002217175.1;XP_035715441.1;HGT_(356,477)	-	108.0	1.2e-08	49.4	0.1	1.0	4.0	0.023	2400.0	13.0	0.0	8.0	37.0	9.0	38.0	4.0	57.0	0.84	hypothetical protein A3848_13180 [Paenibacillus sp. P32E]	False	Bacteria		Bacillota	Bacillales	Paenibacillus sp. P32E	blue
382	929098.0	Metabacillus crassostreae	MBM7604830.1	370.0	GCF_002217175.1;XP_035715441.1;HGT_(356,477)	-	108.0	0.0022	32.4	0.4	2.0	2.0	0.023	2500.0	13.0	0.1	8.0	54.0	128.0	172.0	121.0	191.0	0.77	pectate lyase C [Metabacillus crassostreae]	False	Bacteria		Bacillota	Bacillales	Metabacillus crassostreae	blue
615	2026236.0	Paenibacillus sp. 7541	WP_255222988.1	155.0	GCF_002217175.1;XP_035715441.1;HGT_(356,477)	-	108.0	0.00041	34.8	0.0	3.0	3.0	0.023	2500.0	13.0	0.0	5.0	51.0	109.0	152.0	105.0	155.0	0.81	RICIN domain-containing protein [Paenibacillus sp. 7541]	False	Bacteria		Bacillota	Bacillales	Paenibacillus sp. 7541	blue
925	2917990.0	Actinomadura sp. ATCC 31491	WP_242382976.1	157.0	GCF_002217175.1;XP_035715441.1;HGT_(356,477)	-	108.0	0.008	30.6	0.3	1.0	3.0	0.023	2500.0	13.0	0.0	5.0	39.0	17.0	51.0	13.0	72.0	0.76	RICIN domain-containing protein [Actinomadura sp. ATCC 31491]	False	Bacteria		Actinomycetota	Streptosporangiales	Actinomadura sp. ATCC 31491	blue
285	329858.0	Cohnella thermotolerans	WP_027091414.1	417.0	GCF_002217175.1;XP_035715441.1;HGT_(356,477)	-	108.0	1.2e-05	39.7	0.0	1.0	3.0	0.024	2500.0	12.9	0.0	3.0	38.0	274.0	309.0	272.0	321.0	0.9	RICIN domain-containing protein [Cohnella thermotolerans]	False	Bacteria		Bacillota	Bacillales	Cohnella thermotolerans	blue
88	38626.0	Phascolarctos cinereus	XP_020836096.1	355.0	GCF_002217175.1;XP_035715441.1;HGT_(356,477)	-	108.0	0.0017	32.8	12.3	1.0	3.0	0.025	2600.0	12.9	0.1	22.0	53.0	69.0	100.0	57.0	111.0	0.88	zinc finger protein 345-like [Phascolarctos cinereus]	False	Eukaryota	Metazoa	Chordata	Diprotodontia	Phascolarctos cinereus	orange
406	1156355.0	Paenibacillus taihuensis	WP_116187931.1	603.0	GCF_002217175.1;XP_035715441.1;HGT_(356,477)	-	108.0	0.00042	34.8	0.0	2.0	3.0	0.024	2600.0	12.9	0.0	6.0	55.0	85.0	131.0	80.0	135.0	0.84	RICIN domain-containing protein [Paenibacillus taihuensis]	False	Bacteria		Bacillota	Bacillales	CGMCC 1.10966	blue
319	431895.0	Monosiga brevicollis MX1	XP_001747096.1	405.0	GCF_002217175.1;XP_035715441.1;HGT_(356,477)	-	108.0	1e-08	49.6	0.5	2.0	4.0	0.025	2700.0	12.9	0.0	8.0	41.0	154.0	187.0	150.0	192.0	0.9	uncharacterized protein MONBRDRAFT_9474 [Monosiga brevicollis MX1]	False	Eukaryota		Opisthokonta	Craspedida	Monosiga brevicollis	black
